ASSIGN	0x1B4D82	INIT_MERGE
ASSIGN	0x1B4E3F	LAYER_MASK
ASSIGN	0x1B4EFA	SPARSE_LAYER_MASK
ASSIGN	0x1B5038	LAYER_BLEND
ASSIGN	0x1B519A	TRANSFERPAINTTOOL_COMPOSITE
ASSIGN	0x1B5254	USE_PIXEL_MASK
ASSIGN	0x1B530E	SEAMLESS
ASSIGN	0x1B53C8	SRC_BORDERS
ASSIGN	0x1B5482	DEST_BORDERS
ASSIGN	0x1B553C	NEED_UVUP
ASSIGN	0x18CEC5	CURRENT_LAYER
ASSIGN	0x18CF8E	SMUDGE_STROKE_ALPHA
ASSIGN	0x18D0B9	SMUDGE_MERGE
ASSIGN	0x10ACA18	toolbag5
ASSIGN	0x10ACA38	account.marmoset.co
ASSIGN	0x7AE956	library.marmoset.co
ASSIGN	0xCA2B3B	MSETLIBRARY
ASSIGN	0xCA2B3B	MSETUSERLIBRARY
ASSIGN	0xCB07C4	guirootbg.tga
ASSIGN	0xCB07C4	frameborder.tga
ASSIGN	0xCB07C4	windowbg.tga
ASSIGN	0xCB07C4	guirootedge.tga
ASSIGN	0xCB07C4	tabselectorbg.tga
ASSIGN	0xCB07C4	guirootdisabled.tga
ASSIGN	0xCB07C4	hovervalid.tga
ASSIGN	0xCB07C4	hoverinvalid.tga
ASSIGN	0xCB07C4	dockseparator.tga
ASSIGN	0xCB07C4	editorframe.tga
ASSIGN	0xCB07C4	windowframe.tga
ASSIGN	0xCB07C4	drawertitleframeopen1.tga
ASSIGN	0xCB07C4	drawertitleframeopen2.tga
ASSIGN	0xCB07C4	drawertitleframeopen3.tga
ASSIGN	0xCB07C4	drawertitleframeclosed1.tga
ASSIGN	0xCB07C4	drawertitleframeclosed2.tga
ASSIGN	0xCB07C4	drawertitleframeclosed3.tga
ASSIGN	0xCB07C4	drawerbuttonopen1.tga
ASSIGN	0xCB07C4	drawerbuttonopen2.tga
ASSIGN	0xCB07C4	drawerbuttonopen3.tga
ASSIGN	0xCB07C4	drawerbuttonclosed1.tga
ASSIGN	0xCB07C4	drawerbuttonclosed2.tga
ASSIGN	0xCB07C4	drawerbuttonclosed3.tga
ASSIGN	0xCB07C4	drawerbg1.tga
ASSIGN	0xCB07C4	drawerbg2.tga
ASSIGN	0xCB07C4	drawerbg3.tga
ASSIGN	0xCB07C4	drawerdisabledbg.tga
ASSIGN	0xC9BC09	App
ASSIGN	0xCB07C4	checkbox.tga
ASSIGN	0xCB07C4	checkboxchecked.tga
ASSIGN	0xCB07C4	checkboxmixed.tga
ASSIGN	0xCB07C4	checkboxhover.tga
ASSIGN	0xCB07C4	checkboxhoverchecked.tga
ASSIGN	0xCB07C4	checkboxhovermixed.tga
ASSIGN	0xCB07C4	checkboxpress.tga
ASSIGN	0xCB07C4	checkboxpresschecked.tga
ASSIGN	0xCB07C4	checkboxpressmixed.tga
ASSIGN	0xCB07C4	listboxarrow.tga
ASSIGN	0xCB07C4	menuframe.tga
ASSIGN	0xCB07C4	menuhighlight.tga
ASSIGN	0xCB07C4	menuseparator.tga
ASSIGN	0xCB07C4	menusubmenuicon.tga
ASSIGN	0xCB07C4	menucheckmark.tga
ASSIGN	0xCB07C4	menuhighlightclick.tga
ASSIGN	0xCB07C4	iconlistboxborder.tga
ASSIGN	0xCB07C4	button.tga
ASSIGN	0xCB07C4	buttonhover.tga
ASSIGN	0xC9BC09	Content
ASSIGN	0xC9BC09	Autosave
ASSIGN	0xCB07C4	textboxframe.tga
ASSIGN	0xCB07C4	textboxselection.tga
ASSIGN	0xCB07C4	buttonpressed.tga
ASSIGN	0xCB07C4	buttonminimal.tga
ASSIGN	0xCB07C4	buttonminimalhover.tga
ASSIGN	0xCB07C4	buttonminimalpressed.tga
ASSIGN	0xBBCCA7	Error: Cannot save to reserved path.
ASSIGN	0xCB07C4	spinner.tga
ASSIGN	0xCB07C4	spinnerup.tga
ASSIGN	0xCB07C4	spinnerdown.tga
ASSIGN	0xCB07C4	spinneroverup.tga
ASSIGN	0xCB07C4	spinneroverdown.tga
ASSIGN	0xC9BC09	GPU
ASSIGN	0xCB07C4	sliderframe.tga
ASSIGN	0xCB07C4	sliderknob.tga
ASSIGN	0xCB07C4	sliderknobhover.tga
ASSIGN	0xCB07C4	scrollframe.tga
ASSIGN	0xCB07C4	scrollgutter.tga
ASSIGN	0xCB07C4	scrollbar.tga
ASSIGN	0xCB07C4	scrollbuttonup.tga
ASSIGN	0xCB07C4	scrollbuttonuppressed.tga
ASSIGN	0xCB07C4	scrollbuttondown.tga
ASSIGN	0xCB07C4	scrollbuttondownpressed.tga
ASSIGN	0x6E1F4	NONE
ASSIGN	0xA50EA3	Visible
ASSIGN	0xBCB612	SetCameraTarget
ASSIGN	0xBCB647	Set Camera Target
ASSIGN	0xAA40E6	tbexport
ASSIGN	0xAA41B4	.usdc
ASSIGN	0xAA41B4	.glb
ASSIGN	0xAA41B4	.mview
ASSIGN	0xAA41B4	.fbx
ASSIGN	0xAA41B4	.obj
ASSIGN	0xAA41B4	.dae
ASSIGN	0xAA41B4	.tbscene
ASSIGN	0x75777	Translation X
ASSIGN	0x75777	Translation Y
ASSIGN	0x75777	Translation Z
ASSIGN	0x75777	Rotation X
ASSIGN	0x75777	Rotation Y
ASSIGN	0x75777	Rotation Z
ASSIGN	0x75777	Scale X
ASSIGN	0x75777	Scale Y
ASSIGN	0x75777	Scale Z
ASSIGN	0x75777	Focus Distance
ASSIGN	0x75777	Anamorphic Ratio
ASSIGN	0x75777	Rotation Degrees
ASSIGN	0x75777	Strength
ASSIGN	0x75777	Coating Color
ASSIGN	0x759F6	Mode
ASSIGN	0x75777	Intensity
ASSIGN	0x75777	Dirt Intensity
ASSIGN	0x75777	Dirt Density
ASSIGN	0x75777	Dirt Size
ASSIGN	0x75777	Field Of View
ASSIGN	0x75777	Sharpen Limit
ASSIGN	0x75777	Bloom Size
ASSIGN	0x75777	Vignette Curve
ASSIGN	0x75777	Barrel
ASSIGN	0xBD8E32	Light Brightness
ASSIGN	0xBD8FA0	Background Brightness
ASSIGN	0x75777	Sun Brightness
ASSIGN	0x75777	Sun Scale
ASSIGN	0x75777	Saturation
ASSIGN	0x75777	Blur Size
ASSIGN	0xCEE9AD	SRSurfaceNormalMap
ASSIGN	0x12613B	Normal Map
ASSIGN	0x12615B	material_surfNormal_normalMap
ASSIGN	0xCB07C4	textureboxempty.tga
ASSIGN	0xCB07C4	textureboxudimoverlay.tga
ASSIGN	0xCB07C4	textureboxmixed.tga
ASSIGN	0xCB07C4	imageboxframe.tga
ASSIGN	0xCB07C4	textureboxoptions.tga
ASSIGN	0xCB07C4	textureboxpreview.tga
ASSIGN	0xCB07C4	bakerpreviewoutput.tga
ASSIGN	0xCB07C4	textureboxedit.tga
ASSIGN	0xCB07C4	textureboxreload.tga
ASSIGN	0xCB07C4	textureboxclear.tga
ASSIGN	0xC0CBCC	none
ASSIGN	0x4C9346	Scale & Bias
ASSIGN	0x4C9368	material_surfNormal_scaleBias
CTOR	0x4C93DE	Scale & Bias
ASSIGN	0x4C9346	Flip X
ASSIGN	0x4C9368	material_surfNormal_flipX
CTOR	0x4C93DE	Flip X
ASSIGN	0x4C9368	material_surfNormal_flipY
CTOR	0x4C93DE	detail
ASSIGN	0x4C9368	material_surfNormal_flipZ
ASSIGN	0x4C9368	material_surfNormal_genZ
ASSIGN	0x4C9346	Object Space
ASSIGN	0x4C9368	material_surfNormal_objectSpace
CTOR	0x4C93DE	Object Space
ASSIGN	0xCEF6DD	SRMicrosurfaceRoughnessMap
ASSIGN	0x12613B	Roughness Map
ASSIGN	0x12615B	material_microsurface_roughnessMap
ASSIGN	0x126E55	material_microsurface_roughnessMapChannel
ASSIGN	0x40A589	material_microsurface_roughness
ASSIGN	0x4C9346	Invert;roughness
ASSIGN	0x4C9368	material_microsurface_roughnessInvert
ASSIGN	0xCEEBDD	SRAlbedoMap
ASSIGN	0x12613B	Albedo Map
ASSIGN	0x12615B	material_albedo_albedo
ASSIGN	0xCD2BA0	Color
ASSIGN	0xCD2BBD	material_albedo_color
ASSIGN	0xCB07C4	colorpickerwell.tga
ASSIGN	0xCB07C4	colorpickermixed.tga
ASSIGN	0xCB07C4	colorpickermixedgray.tga
ASSIGN	0xCEEE9D	SRDiffusionLambertian
ASSIGN	0xCEF8ED	SRReflectivityMetalnessMap
ASSIGN	0x12613B	Metalness Map
ASSIGN	0x12615B	material_reflMetalness_metalnessMap
ASSIGN	0x126E55	material_reflMetalness_channel
ASSIGN	0x40A589	material_reflMetalness_metalness
ASSIGN	0x4C9368	material_reflMetalness_invert
ASSIGN	0xCEF36D	SRReflectionGGX
ASSIGN	0xCF007D	SRTextureUv
ASSIGN	0x126E55	material_texture_uv_channel
ASSIGN	0x40A33C	Texture Tiling
CTOR	0x40A3EC	Texture Tiling
ASSIGN	0x40A589	material_texture_tile
ASSIGN	0x40A33C	Tile U
CTOR	0x40A3EC	Tile U
ASSIGN	0x40A589	material_texture_tileU
ASSIGN	0x40A589	material_texture_offsetU
ASSIGN	0x40A33C	Tile V
CTOR	0x40A3EC	Tile V
ASSIGN	0x40A589	material_texture_tileV
ASSIGN	0x40A589	material_texture_offsetV
ASSIGN	0x40A589	material_texture_rotation
ASSIGN	0x126E55	material_texture_wrap
ASSIGN	0x126DC9	Aniso
ASSIGN	0x126E55	material_texture_aniso
ASSIGN	0x4C9346	Filter
ASSIGN	0x4C9368	material_texture_filter
CTOR	0x4C93DE	Filter
ASSIGN	0xCF028D	SRMerge
ASSIGN	0x3EB0CB	MATERIAL_LAYER_COUNT
ASSIGN	0xCE6E54	MATERIAL_PASS_PREPASS
ASSIGN	0xCDE033	MATERIAL_TEXTURE_MODE_UV
ASSIGN	0xCED5A3	name
ASSIGN	0x4CA6F4	REFLECTION
ASSIGN	0xCD433F	DIFFUSION
ASSIGN	0xCD4BAA	DiffusionWantsPrepassAlbedoOutput
ASSIGN	0xCCD8DF	SurfaceShadingSpaceNonWorld
ASSIGN	0x158305	MATERIAL_LAYERING_MODE_NONE
ASSIGN	0xCE6E54	MATERIAL_PASS_PREPASS_RT
ASSIGN	0xCE6E54	MATERIAL_PASS_PREPASS_RTAO
ASSIGN	0xCE6E54	MATERIAL_PASS_PREPASS_HYBRID
ASSIGN	0xCE6E54	MATERIAL_PASS_PREPASS_COMPONENTVIEW
ASSIGN	0xCE6E54	MATERIAL_PASS_LIGHT
ASSIGN	0xCE6E54	MATERIAL_PASS_SHADOWMAP
ASSIGN	0xCE6E54	MATERIAL_PASS_SHADOWMAP_COMPONENTVIEW
ASSIGN	0xCE6E54	MATERIAL_PASS_SCATTER
ASSIGN	0x6AD7F	GGX_IMPORTANCE_SAMPLES
ASSIGN	0xCE6E54	MATERIAL_PASS_COMPONENTVIEW
ASSIGN	0xCE6E54	MATERIAL_PASS_VELOCITY
ASSIGN	0xCE6E54	MATERIAL_PASS_RT_PRIMARYHIT
ASSIGN	0xCCD871	SurfaceFlipBackfacingNormals
ASSIGN	0xCE6E54	MATERIAL_PASS_RT_PRIMARYHIT_RASTER
ASSIGN	0xCE6E54	MATERIAL_PASS_RT_SECONDARYHIT
ASSIGN	0xCE6E54	MATERIAL_PASS_HYBRID_LIGHT_SAMPLE
ASSIGN	0xCE6E54	MATERIAL_PASS_HYBRID_PRIMARYHIT
ASSIGN	0xCE6E54	MATERIAL_PASS_HYBRID_SPATIALHASHDEBUG
ASSIGN	0xCE6E54	MATERIAL_PASS_HYBRID_INDIRECT
ASSIGN	0xCE6E54	MATERIAL_PASS_DEFORM
ASSIGN	0xCE6E54	MATERIAL_PASS_PAINT
ASSIGN	0xCCB186	TRANSFORMUV_ORDER_PAINT
ASSIGN	0xCE6E54	MATERIAL_PASS_EXPORT
ASSIGN	0x6AD7F	MATERIAL_TEXTURE_NOMIPS
ASSIGN	0xCE6E54	MATERIAL_PASS_BAKE
ASSIGN	0xCE6E54	MATERIAL_PASS_RENDERTOTEXTURE
ASSIGN	0xCE6E54	MATERIAL_PASS_COLOR_SAMPLE
ASSIGN	0xC57013	PREPASS_MINIMAL
ASSIGN	0xD5F5C3	OUTPUT_SECONDARY
ASSIGN	0x10A367E	GET
ASSIGN	0x7AEC10	HEAD
ASSIGN	0x7AEC29	index.json
ASSIGN	0xB2190B	v5.02 (5022)
ASSIGN	0xCB07C4	iconlistbox.tga
ASSIGN	0xCB07C4	iconlistboxhover.tga
CTOR	0xA5E50E	Layers Window Main UI
ASSIGN	0xD29219	Layers Window Main UI
ASSIGN	0xCC3BEF	Blending
ASSIGN	0x15D58C	Set Blend Mode
ASSIGN	0x15D5F4	Adjust Layer Opacity
ASSIGN	0xCB07C4	layeropacitylinkoff.tga
ASSIGN	0xCB07C4	layeropacitylinkabsolute.tga
ASSIGN	0xCB07C4	layernewpaint.tga
ASSIGN	0xCB07C4	layernewfill.tga
ASSIGN	0xCB07C4	layernewspline.tga
ASSIGN	0xCF67E3	3D Vector
ASSIGN	0xCF67E3	Decal Vector
ASSIGN	0xCB07C4	layernewdecal.tga
ASSIGN	0x787F76	Adjustments
ASSIGN	0x788320	Processors
ASSIGN	0x788730	Procedurals
ASSIGN	0xCB07C4	layernewadjustment.tga
ASSIGN	0xCB07C4	layernewprocessor.tga
ASSIGN	0xCB07C4	layernewprocedural.tga
ASSIGN	0xCB07C4	layeraddmask.tga
ASSIGN	0xCF67E3	Paint Mask (White)
ASSIGN	0xCF67E3	Paint Mask (Black)
ASSIGN	0xCF67E3	Color Mask (White)
ASSIGN	0xCF67E3	Color Mask (Black)
ASSIGN	0xCF67E3	Fill Mask (White)
ASSIGN	0xCF67E3	Fill Mask (Black)
ASSIGN	0xCB07C4	materialduplicate.tga
ASSIGN	0xCB07C4	materialgroupnew.tga
ASSIGN	0xCB07C4	materialcarvegroupnew.tga
ASSIGN	0xCB07C4	delete.tga
ASSIGN	0xCB07C4	materialpalettebg.tga
ASSIGN	0xCB07C4	syncpointnew.tga
ASSIGN	0xCB07C4	syncpointrefresh.tga
ASSIGN	0xCB07C4	syncpointsettings.tga
ASSIGN	0xCF67E3	Vertex Color
ASSIGN	0xCB07C4	materialpropbg.tga
ASSIGN	0xAEE089	mesh
ASSIGN	0xAF0A8E	Imported_Default
ASSIGN	0x29AC3E	ACCUMULATE_DEPTH
ASSIGN	0x29ADF3	ACCUMULATE_FEATURES
ASSIGN	0x6AD7F	SHADOWS
ASSIGN	0x497FC7	AREA_SHADOWS
ASSIGN	0x497EAD	SPOT_SHADOWS
ASSIGN	0x6AD7F	FOG_IBL
ASSIGN	0x6AD7F	FOG_DIR
ASSIGN	0x33D1F8	FOG_SHADOWS
ASSIGN	0x6AD7F	FOG_SPOT
ASSIGN	0x33D30E	FOG_OMNI
ASSIGN	0x3383CA	DOF_ALPHA
ASSIGN	0x158B00	PrepassDepthDifferential
ASSIGN	0x47A605	COMPOSITE_DUAL
ASSIGN	0xD06516	BLOOM_SAMPLES 64
ASSIGN	0xCB07C4	materialgroupframe.tga
ASSIGN	0xCB07C4	materialgroupframeselected.tga
ASSIGN	0xCB07C4	materialgroupframehover.tga
ASSIGN	0xCB07C4	materialgroupexpand.tga
ASSIGN	0xCB07C4	materialgroupcollapse.tga
ASSIGN	0xCB07C4	materiallabel.tga
ASSIGN	0xCB07C4	materiallabelhover.tga
ASSIGN	0xCB07C4	materiallabelselected.tga
ASSIGN	0xCB07C4	materiallabelsmall.tga
ASSIGN	0xCB07C4	materiallabelhoversmall.tga
ASSIGN	0xCB07C4	materiallabelselectedsmall.tga
ASSIGN	0xCB07C4	materialunselected.tga
ASSIGN	0xCB07C4	materialhighlight.tga
ASSIGN	0xCB07C4	materialhighlightempty.tga
ASSIGN	0xCB07C4	materialhighlightsmall.tga
ASSIGN	0xCB07C4	materialhighlightemptysmall.tga
ASSIGN	0xCB07C4	materialtextboxframe.tga
ASSIGN	0xCB07C4	materialnew.tga
ASSIGN	0xCB07C4	materialpresets.tga
ASSIGN	0xCB07C4	materialapply.tga
ASSIGN	0xCB07C4	materialimport.tga
ASSIGN	0xCB07C4	materialexport.tga
ASSIGN	0xCB07C4	separator.tga
ASSIGN	0xCB07C4	menubar.tga
ASSIGN	0xCB07C4	menubarhover.tga
ASSIGN	0xCF67E3	Selection Outline
ASSIGN	0xCF67E3	Light
ASSIGN	0xCF67E3	Spot
ASSIGN	0xCF67E3	Omni
ASSIGN	0xCF67E3	Add Layer Mask 
ASSIGN	0xCF67E3	Add Layer
ASSIGN	0xCF67E3	Orange
ASSIGN	0xCF67E3	Yellow
ASSIGN	0xCF67E3	Cyan
ASSIGN	0xCF67E3	Purple
ASSIGN	0xCF67E3	Rasterize
ASSIGN	0xCF67E3	Export Material Copy
ASSIGN	0xCF67E3	Collapse Texture Project
ASSIGN	0xCF67E3	Collapse Bake Project
ASSIGN	0xCF67E3	Hybrid
ASSIGN	0xCF67E3	Dev
ASSIGN	0xCB07C4	menutoolbagicon.tga
ASSIGN	0xCB07C4	menubarmaximize.tga
ASSIGN	0xCB07C4	menubarrestore.tga
ASSIGN	0xCB07C4	menubarminimize.tga
ASSIGN	0xCB07C4	menubarclose.tga
ASSIGN	0xCB07C4	scenenewmodel.tga
ASSIGN	0xCB07C4	scenenewlight.tga
ASSIGN	0xCB07C4	scenenewcamera.tga
ASSIGN	0xCB07C4	scenenewfog.tga
ASSIGN	0xCB07C4	scenenewbaker.tga
ASSIGN	0xCB07C4	scenenewpaintproject.tga
ASSIGN	0xCB07C4	scenepresent.tga
ASSIGN	0xCB07C4	scenegroup.tga
ASSIGN	0xCB07C4	sceneduplicate.tga
ASSIGN	0xCB07C4	browsersearch.tga
ASSIGN	0xCB07C4	browsertagclose.tga
ASSIGN	0xCB07C4	filter.tga
ASSIGN	0xCF67E3	File Reference
ASSIGN	0xCF67E3	Mesh
ASSIGN	0xCF67E3	Groom
ASSIGN	0xCF67E3	Group
ASSIGN	0xCF67E3	Cage
ASSIGN	0xCB07C4	outlinebackground.tga
ASSIGN	0xCB07C4	outlinevertical.tga
ASSIGN	0xCB07C4	outlinehorizontal.tga
ASSIGN	0xCB07C4	outlinehorizontalnoroot.tga
ASSIGN	0xCB07C4	outlinegroupopen.tga
ASSIGN	0xCB07C4	outlinegroupclosed.tga
ASSIGN	0xCB07C4	outlinehighlight.tga
ASSIGN	0xCB07C4	outlinehighlightempty.tga
ASSIGN	0xCB07C4	outlinehighlighthover.tga
ASSIGN	0xCB07C4	outlineseparator.tga
ASSIGN	0xCB07C4	outlinecolumn.tga
ASSIGN	0xCB07C4	outlinevisibility.tga
ASSIGN	0xCB07C4	outlinevisibilityhidden.tga
ASSIGN	0xCB07C4	outlinelockicon.tga
ASSIGN	0xCB07C4	outlineunlockicon.tga
ASSIGN	0xCB07C4	outlineiconmesh.tga
ASSIGN	0xCB07C4	outlineiconsubmesh.tga
ASSIGN	0xCB07C4	outlineicongroup.tga
ASSIGN	0xCB07C4	outlineicondocument.tga
ASSIGN	0xCB07C4	outlineiconsky.tga
ASSIGN	0xCB07C4	outlineiconlight.tga
ASSIGN	0xCB07C4	outlineiconcamera.tga
ASSIGN	0xCB07C4	outlineiconexternal.tga
ASSIGN	0xCB07C4	outlineiconfog.tga
ASSIGN	0xCB07C4	outlineiconbaker.tga
ASSIGN	0xCB07C4	outlineiconbakersrc.tga
ASSIGN	0xCB07C4	outlineiconbakerdst.tga
ASSIGN	0xCB07C4	outlineiconbakerdstcage.tga
ASSIGN	0xCB07C4	outlineiconrender.tga
ASSIGN	0xCB07C4	outlineiconbackdrop.tga
ASSIGN	0xCB07C4	outlineiconshadowcatcher.tga
ASSIGN	0xCB07C4	outlineiconturntable.tga
ASSIGN	0xCB07C4	outlineiconpaintproject.tga
ASSIGN	0xCB07C4	outlineiconhair.tga
ASSIGN	0xCB07C4	timestretchlefthandle.tga
ASSIGN	0xCB07C4	timestretchrighthandle.tga
ASSIGN	0xCB07C4	timestretchlefthandleclicked.tga
ASSIGN	0xCB07C4	timestretchrighthandleclicked.tga
ASSIGN	0xCB07C4	timestretchbackground.tga
ASSIGN	0xCB07C4	animationtimelineviewframe.tga
ASSIGN	0xCB07C4	animationtimelineviewframeborder.tga
ASSIGN	0xCB07C4	animationtimelineviewsecondsmarker.tga
ASSIGN	0xCB07C4	animationtimelineviewframesmarker.tga
ASSIGN	0xCB07C4	animationtimelineviewkeyedframesmarker.tga
ASSIGN	0xCB07C4	animationtimelineviewselectedkeyedframesmarker.tga
ASSIGN	0xCB07C4	animationtimelineviewframemarker.tga
ASSIGN	0xCB07C4	animationtimelineviewframeinterval.tga
ASSIGN	0xCB07C4	animationtimelineselectorframe.tga
ASSIGN	0xCB07C4	animationtimelineselectorrange.tga
ASSIGN	0xCB07C4	animationtimelineselectorlefthandle.tga
ASSIGN	0xCB07C4	animationtimelineselectorrighthandle.tga
ASSIGN	0xCB07C4	animationtimelineselectorlefthandleclicked.tga
ASSIGN	0xCB07C4	animationtimelineselectorrighthandleclicked.tga
ASSIGN	0xCB07C4	animationtimelineselectorsecondsmarker.tga
ASSIGN	0xA605E9	Reset Fresh Sequence
ASSIGN	0xA54E0E	Trim Timeline
ASSIGN	0xA54E7C	Return Home Frame
ASSIGN	0xA54EEF	Bake Animation Speed
ASSIGN	0xA551DE	Adjust Frames
ASSIGN	0xA5524C	Adjust Playback Speed
ASSIGN	0xA55328	Adjust Sequence Length
ASSIGN	0xA55396	Set Start Frame
ASSIGN	0xA55404	Set End Frame
ASSIGN	0xCB07C4	animationplay.tga
ASSIGN	0xCB07C4	animationpause.tga
ASSIGN	0xCB07C4	timelineeditortrim.tga
ASSIGN	0xCB07C4	timelineeditorhomeframe.tga
ASSIGN	0xCB07C4	animationfirstframe.tga
ASSIGN	0xCB07C4	animationlastframe.tga
ASSIGN	0xCB07C4	animationpreviousframe.tga
ASSIGN	0xCB07C4	animationnextframe.tga
ASSIGN	0xCB07C4	animationpreviouskeyedframe.tga
ASSIGN	0xCB07C4	animationnextkeyedframe.tga
ASSIGN	0xCB07C4	animationautokey.tga
ASSIGN	0xCB07C4	animationzoomlink.tga
ASSIGN	0xCB07C4	animationloop.tga
ASSIGN	0xCB07C4	keyframescalerverticalhandle.tga
ASSIGN	0xCB07C4	keyframescalerhorizontalhandle.tga
ASSIGN	0xCB07C4	keyframescalercornerhandle.tga
ASSIGN	0xCB07C4	keyframescalerverticalhandleclicked.tga
ASSIGN	0xCB07C4	keyframescalerhorizontalhandleclicked.tga
ASSIGN	0xCB07C4	keyframescalercornerhandleclicked.tga
ASSIGN	0xCB07C4	keyframescalerbackground.tga
ASSIGN	0xCB07C4	keyframescalerborder.tga
ASSIGN	0xCB07C4	curveeditorframe.tga
ASSIGN	0xCB07C4	curveeditorframeborder.tga
ASSIGN	0xCB07C4	curveeditorsecondsmarker.tga
ASSIGN	0xCB07C4	curveeditorframesmarker.tga
ASSIGN	0xCB07C4	curveeditorplaybackline.tga
ASSIGN	0xCB07C4	curveeditortimestretchbackground.tga
ASSIGN	0xCB07C4	curveeditoremptybackground.tga
ASSIGN	0xCB07C4	curveeditoroutofboundsoverlay.tga
ASSIGN	0xCB07C4	curveeditortimescalelinebackgroundmask.tga
ASSIGN	0xCB07C4	animationoutlineiconproperty.tga
ASSIGN	0xCB07C4	animationoutlineiconmaterial.tga
ASSIGN	0xCB07C4	animationoutlineicongroup.tga
ASSIGN	0x6F93C	Modify Curve
ASSIGN	0xCB07C4	curveeditorshowstacked.tga
ASSIGN	0xCB07C4	curveeditorshowoverlapped.tga
ASSIGN	0xCB07C4	animationblendstep.tga
ASSIGN	0xCB07C4	animationblendlinear.tga
ASSIGN	0xCB07C4	animationblendspline.tga
ASSIGN	0xCB07C4	animationblendsplinebreak.tga
ASSIGN	0xCB07C4	animationinsertkeyframes.tga
ASSIGN	0xCB07C4	animationdeletekeyframes.tga
ASSIGN	0xCB07C4	animationdeleteallkeyframes.tga
ASSIGN	0xCB07C4	curveeditorshowvalues.tga
ASSIGN	0xCB07C4	curveeditorautofit.tga
ASSIGN	0xCB07C4	curveeditorresetview.tga
CTOR	0xA5E50E	Painter
ASSIGN	0xD29219	Painter
ASSIGN	0xCB07C4	colorpickercursor.tga
ASSIGN	0xCB07C4	colorpickerhue.tga
ASSIGN	0xCB07C4	colorpickerslidercursor.tga
ASSIGN	0xA605E9	OK
ASSIGN	0xA605E9	Similar
ASSIGN	0xA605E9	Save
ASSIGN	0x288439	R:
ASSIGN	0x288439	G:
ASSIGN	0x288439	B:
ASSIGN	0x288719	S (%):
ASSIGN	0x288719	V (%):
ASSIGN	0xCB07C4	togglescreensampler.tga
ASSIGN	0xCC3BEF	From
ASSIGN	0xCF67E3	Current Group
ASSIGN	0xCC3BEF	Map
CTOR	0x286C1E	Grayscale Picker
ASSIGN	0xD29219	Grayscale Picker
ASSIGN	0x28A629	V:
CTOR	0xAA670B	ColorSamplerOverlay
ASSIGN	0xD29219	ColorSamplerOverlay
CTOR	0xA5E50E	Render Pass Settings
ASSIGN	0xD29219	Render Pass Settings
CTOR	0xA5E50E	Texture Preview
ASSIGN	0xD29219	Texture Preview
CTOR	0x80D474	Mip Bias Preview
ASSIGN	0xD1579A	Mip Bias Preview
ASSIGN	0x52F256	GAMMA_ADJUSTMENT
CTOR	0xA5E50E	Convert Layers
ASSIGN	0xD29219	Convert Layers
CTOR	0xA5E50E	Performance
ASSIGN	0xD29219	Performance
ASSIGN	0xCB07C4	splineframe.tga
ASSIGN	0xBB5BA3	Frame: 
ASSIGN	0xBB5C30	VP Quality: 
ASSIGN	0xBB5DB9	Draw: 
ASSIGN	0xBB5E52	GPU: 
ASSIGN	0xC9BC09	Scene Statistics
ASSIGN	0xCB07C4	historyinactivebutton.tga
CTOR	0xA5E50E	Map Settings
ASSIGN	0xD29219	Map Settings
CTOR	0xA5E50E	Configure Maps
ASSIGN	0xD29219	Configure Maps
CTOR	0xA5E50E	Curve Editor
ASSIGN	0xD29219	Curve Editor
ASSIGN	0xCB07C4	splinevertex.tga
ASSIGN	0xCB07C4	splineline.tga
ASSIGN	0xCC3BEF	Presets
ASSIGN	0xCB07C4	listboxmenu.tga
ASSIGN	0xCF67E3	Save...
ASSIGN	0xCF67E3	Load...
CTOR	0xA5E50E	Export Settings
ASSIGN	0xD29219	Export Settings
ASSIGN	0xCB07C4	exportusd.tga
ASSIGN	0xCB07C4	exportgltf.tga
ASSIGN	0xCB07C4	exportviewer.tga
ASSIGN	0xCB07C4	exportfbx.tga
ASSIGN	0xCB07C4	exportobj.tga
ASSIGN	0xCB07C4	exportdae.tga
ASSIGN	0xCB07C4	exportbundle.tga
ASSIGN	0x3F76E6	Default
ASSIGN	0x3F76E6	Surface Previewer
ASSIGN	0x725C0A	Effect Editor Scroll Area
ASSIGN	0x725C66	Effect Properties AW
CTOR	0xA5E50E	Sync Point Settings
ASSIGN	0xD29219	Sync Point Settings
CTOR	0xA5E50E	Client Rect
ASSIGN	0xD29219	Client Rect
ASSIGN	0xCB07C4	confirm.tga
ASSIGN	0xCB07C4	cancel.tga
ASSIGN	0xCB07C4	ignore.tga
ASSIGN	0xCB07C4	reset.tga
ASSIGN	0xCB07C4	inputrecorderframe.tga
ASSIGN	0xCB07C4	inputrecorderhover.tga
ASSIGN	0xCB07C4	inputrecorderrecord.tga
CTOR	0xA5E50E	Brush Editor
ASSIGN	0xD29219	Brush Editor
ASSIGN	0x277B69	brusheditor
ASSIGN	0x277BB1	Modify Brush
ASSIGN	0x277FBC	Standard
ASSIGN	0x27A272	BrushEditor ScrollBox
ASSIGN	0x27A2E1	Brush Editor Scroll Area
ASSIGN	0xC9BC09	Brush Tip
ASSIGN	0xC04379	Brush Texture
ASSIGN	0xCB07C4	brusheditortablet.tga
ASSIGN	0xCB07C4	brusheditordynamicsoff.tga
ASSIGN	0xCF67E3	Pressure
ASSIGN	0xCB07C4	brusheditortilt.tga
ASSIGN	0xCF67E3	Tilt
ASSIGN	0xCB07C4	brusheditorfade.tga
ASSIGN	0xCB07C4	windowframefull.tga
ASSIGN	0x4B8071	Modify Symmetry Settings
ASSIGN	0x4B810B	brush
ASSIGN	0xCC3BEF	Attach to:
ASSIGN	0xCF67E3	Project Mesh Bounds
ASSIGN	0xCF67E3	Object...
ASSIGN	0xA605E9	Done
ASSIGN	0xC9BC09	Stencil
ASSIGN	0x4AECC5	Modify Stencil Settings
ASSIGN	0xC04379	Stencil Texture
ASSIGN	0xCB07C4	invert_on.tga
ASSIGN	0xCB07C4	linkuvscale_on.tga
ASSIGN	0xC9BC09	Projection
CTOR	0xA5E50E	Clone Stamp Editor
ASSIGN	0xD29219	Clone Stamp Editor
ASSIGN	0xC8270	clonestampeditor
ASSIGN	0xC9BC09	Clone Stamp Settings
ASSIGN	0xC896D	Select From: 
CTOR	0xA5E50E	Smudge Editor
ASSIGN	0xD29219	Smudge Editor
ASSIGN	0x18A316	smudgeeditor
ASSIGN	0xC9BC09	Smudge Settings
ASSIGN	0x18A5FB	Smudge Over: 
CTOR	0xA5E50E	Fill Editor
ASSIGN	0xD29219	Fill Editor
CTOR	0xA5E50E	Gradient Editor
ASSIGN	0xD29219	Gradient Editor
CTOR	0xA5E50E	Save Preset
ASSIGN	0xD29219	Save Preset
CTOR	0xA5E50E	Resource Locator
ASSIGN	0xD29219	Resource Locator
ASSIGN	0xCB07C4	locatorheader.tga
ASSIGN	0xCB07C4	locatordivider.tga
ASSIGN	0xCB07C4	locatoraction.tga
ASSIGN	0x660B15	Filename
ASSIGN	0x660C0C	Path
ASSIGN	0x660CFB	Status
ASSIGN	0xCB07C4	locatorfolder.tga
ASSIGN	0xCB07C4	locatordownload.tga
CTOR	0xA5E50E	Profile Editor
ASSIGN	0xD29219	Profile Editor
ASSIGN	0xCB07C4	splinetangent.tga
ASSIGN	0xCB07C4	splinetangent_hover.tga
ASSIGN	0xCB07C4	splinetangent_selected.tga
ASSIGN	0xCB07C4	splinevertex_hover.tga
ASSIGN	0xCB07C4	splinevertex_selected.tga
ASSIGN	0xCB07C4	beziersharpen.tga
ASSIGN	0xCB07C4	beziersmooth.tga
ASSIGN	0xCB07C4	beziermirrorangle_on.tga
ASSIGN	0xCB07C4	beziermirrorpos_on.tga
ASSIGN	0xCB07C4	bezierlimits_on.tga
ASSIGN	0xCB07C4	beziersnap_on.tga
ASSIGN	0xCB07C4	workspacebarbg.tga
ASSIGN	0xCB07C4	workspacetabselectorbutton.tga
ASSIGN	0xCB07C4	workspacetabselectorbuttonpressed.tga
ASSIGN	0xCB07C4	workspacetabselectorbuttonhover.tga
ASSIGN	0xCB07C4	tabselectorbutton.tga
ASSIGN	0xCB07C4	tabselectorbuttonpressed.tga
ASSIGN	0xCB07C4	tabselectorbuttonhover.tga
ASSIGN	0xCB07C4	scrolltableft.tga
ASSIGN	0xCB07C4	scrolltabright.tga
ASSIGN	0xCB07C4	console.tga
ASSIGN	0xCB07C4	progressbar.tga
ASSIGN	0xCB07C4	progressbarpaused.tga
ASSIGN	0xCB07C4	progressbarframe.tga
ASSIGN	0xCB07C4	toolbarbg.tga
ASSIGN	0x7286B1	SPARSE_BUFFER_SIZE
ASSIGN	0xCF67E3	Match Viewport
CTOR	0xA37D29	Ray Traced Distance
ASSIGN	0xC9513E	Ray Traced Distance
CTOR	0xA37D8F	Ray Distance
ASSIGN	0xD1579A	Ray Distance
CTOR	0xA38937	Ray Offset
ASSIGN	0xD1579A	Ray Offset
ASSIGN	0xA38AAB	Occlusion Color
ASSIGN	0xCB07C4	toolbarraster.tga
ASSIGN	0xCB07C4	toolbarhybrid.tga
ASSIGN	0xCB07C4	toolbarrt.tga
ASSIGN	0xCB07C4	toolbartransform.tga
ASSIGN	0xCB07C4	toolbarselect.tga
ASSIGN	0xCB07C4	toolbartranslate.tga
ASSIGN	0xCB07C4	toolbarrotate.tga
ASSIGN	0xCB07C4	toolbarscale.tga
ASSIGN	0xCB07C4	toolbarselectmarquee.tga
ASSIGN	0xCB07C4	toolbarselectcircle.tga
ASSIGN	0xCB07C4	toolbarselectpoly.tga
ASSIGN	0xCB07C4	toolbarselectlasso.tga
ASSIGN	0xCB07C4	toolbarseparator.tga
ASSIGN	0x3EBBC8	MATERIAL_BINDING_UNIFORM
ASSIGN	0x1083C5	SceneHasSphereLights
ASSIGN	0xB1C942	Initial State
ASSIGN	0x10A41D8	s3.amazonaws.com
ASSIGN	0xD642D2	viewport0
ASSIGN	0xCB07C4	windowcolumnbg.tga
ASSIGN	0xCB07C4	rowdivider.tga
ASSIGN	0xCB07C4	columnexpandright.tga
ASSIGN	0xCB07C4	columnexpandleft.tga
ASSIGN	0xCB07C4	windowrowbg.tga
ASSIGN	0xCB07C4	grabhandle.tga
ASSIGN	0xCB07C4	windowstackundock.tga
ASSIGN	0xCB07C4	viewportseparator.tga
ASSIGN	0xCB07C4	viewportcamera.tga
ASSIGN	0xCB07C4	viewportlistboxbackground.tga
ASSIGN	0xCB07C4	viewportlistboxhover.tga
ASSIGN	0xCB07C4	viewportoptions.tga
ASSIGN	0xCB07C4	viewportsplit.tga
ASSIGN	0xCB07C4	viewportsplitvert.tga
ASSIGN	0xCF67E3	Split Vertical
ASSIGN	0xCB07C4	viewportsplithorz.tga
ASSIGN	0xCF67E3	Split Horizontal
ASSIGN	0xCB07C4	deletecustomanimation.tga
ASSIGN	0xCF67E3	Remove Viewport
ASSIGN	0xCB07C4	viewportmaximize.tga
ASSIGN	0xCB07C4	viewportundock.tga
ASSIGN	0xCB07C4	viewportactive.tga
ASSIGN	0xCB07C4	viewportprogressframe.tga
ASSIGN	0xCB07C4	viewportprogressdone.tga
ASSIGN	0xCB07C4	viewportprogressflash.tga
ASSIGN	0xCB07C4	viewportprogressbar.tga
ASSIGN	0x125C45	toneHejl
ASSIGN	0x125C45	ditherLdsBlueNoise
ASSIGN	0xCB07C4	dockseparatorhandle.tga
CTOR	0xA5E50E	MiniProjectSelector
ASSIGN	0xD29219	MiniProjectSelector
ASSIGN	0x125C45	toneAgX
ASSIGN	0xCB07C4	framebar.tga
ASSIGN	0xCB07C4	framebarcontrol.tga
ASSIGN	0xCB07C4	framebarclose.tga
ASSIGN	0xCB07C4	viewportseparatorsnap.tga
ASSIGN	0x52275A	SINGLE_PASS
ASSIGN	0xCB07C4	canvassplinemode.tga
ASSIGN	0xCB07C4	browserfilter0.tga
ASSIGN	0xCB07C4	browserfilter1.tga
ASSIGN	0xCB07C4	browserfilter2.tga
ASSIGN	0xCB07C4	browserfilter3.tga
ASSIGN	0xCB07C4	browserfilter4.tga
ASSIGN	0xCB07C4	browserfilter5.tga
ASSIGN	0xCB07C4	browserfilter6.tga
ASSIGN	0xCB07C4	browserfilter7.tga
ASSIGN	0xCB07C4	browserroot.tga
ASSIGN	0xCB07C4	browserback.tga
ASSIGN	0xCB07C4	browserforward.tga
ASSIGN	0xCB07C4	browserup.tga
ASSIGN	0xCB07C4	browserfoldernew.tga
ASSIGN	0xCB07C4	browserfolderdelete.tga
ASSIGN	0xCB07C4	browserdownload.tga
ASSIGN	0xCB07C4	browseropen.tga
ASSIGN	0xCB07C4	browserdelete.tga
ASSIGN	0xCF67E3	Open User Directory
ASSIGN	0xCF67E3	Refresh User Data
ASSIGN	0xCF67E3	Marmoset Hard Reset...
ASSIGN	0xCF67E3	User Hard Reset...
ASSIGN	0xCB07C4	outlineicongroupsecondary.tga
ASSIGN	0xCB07C4	browserfilterfirst.tga
ASSIGN	0xCB07C4	browserfilterthird.tga
ASSIGN	0xCB07C4	browserfilterlocal.tga
ASSIGN	0xCB07C4	browserfilterdownload.tga
ASSIGN	0xCB07C4	browserfilterupdate.tga
ASSIGN	0xCB07C4	browserfilterscene.tga
ASSIGN	0xCB07C4	browserfilterseparator.tga
ASSIGN	0xCB07C4	browserfilterhover.tga
ASSIGN	0xCB07C4	browserhighlight.tga
ASSIGN	0xCB07C4	browserhighlightempty.tga
ASSIGN	0xCB07C4	browsercloud.tga
ASSIGN	0xCB07C4	browsercloudforbidden.tga
ASSIGN	0xCB07C4	browserupdate.tga
ASSIGN	0xCB07C4	browserforbiddensmall.tga
ASSIGN	0xCB07C4	libraryhighlightemptysmall.tga
ASSIGN	0xCB07C4	browserprogressbg.tga
ASSIGN	0xCB07C4	browserprogressbar.tga
ASSIGN	0xCB07C4	browserfolder.tga
ASSIGN	0xCF67E3	Add Camera
ASSIGN	0xCF67E3	Add Turntable
ASSIGN	0xCF67E3	Add Light
ASSIGN	0xCF67E3	Add Sky
ASSIGN	0xCF67E3	Add Fog
ASSIGN	0xCF67E3	Add Backdrop
ASSIGN	0xCF67E3	Add Shadow Catcher
ASSIGN	0xCF67E3	Add Bake Project
ASSIGN	0x71924C	Untitled Layer
ASSIGN	0x75290C	Root
ASSIGN	0x752BB0	output
ASSIGN	0x752BF5	Untitled
ASSIGN	0x752C62	tga
ASSIGN	0x5AA47E	CLIP_TEST
ASSIGN	0x5AA533	USE_DITHER
ASSIGN	0x763ACD	Linked Meshes LUT hash changed
ASSIGN	0x764908	Channel buffers rebuilt
ASSIGN	0x39F43A	USE_CLIPMASK
ASSIGN	0x39F51E	USE_TEXOFFSET
ASSIGN	0x39F602	COPY_OUTPUT_DITHER
ASSIGN	0x39F6E9	COPY_OUTPUT_SRGB
ASSIGN	0x39F8DF	USE_LINEAR_PREVIEW_GAMMA
ASSIGN	0x39FAFE	USE_SOLID_COLOR
ASSIGN	0xC9BC09	AO
ASSIGN	0xCC3BEF	Quality
ASSIGN	0xA605E9	Reset Defaults
ASSIGN	0xC9BC09	Project Settings
ASSIGN	0x7EB678	Modify Project Settings
ASSIGN	0xCC3BEF	Viewport Quality:
ASSIGN	0xCF67E3	Fast
ASSIGN	0xCF67E3	Full
ASSIGN	0xCC3BEF	Tile Mode:
ASSIGN	0xCF67E3	Single Texture Set
ASSIGN	0xCF67E3	Multiple Texture Sets
ASSIGN	0xCF67E3	UDIM
ASSIGN	0xCC3BEF	Viewport Resolution:
ASSIGN	0xCF67E3	1:1 (Full)
ASSIGN	0xCC3BEF	Preview Resolution:
CTOR	0x7EBC17	UV Padding
ASSIGN	0xD1579A	UV Padding
ASSIGN	0xCC3BEF	Tangent Orientation
ASSIGN	0xA605E9	Resize...
ASSIGN	0xC9BC09	Linked Materials
ASSIGN	0x7ED2C4	(Drag and Drop Materials Here)
ASSIGN	0xC9BC09	Input Maps
ASSIGN	0xC04379	Normal
CTOR	0xC0B3F6	Normal:
ASSIGN	0xC04379	Normal Object
CTOR	0xC0B3F6	Normal Object:
CTOR	0xC0B3F6	AO:
ASSIGN	0xCF67E3	Group ID
ASSIGN	0xCF67E3	Anisotropic Dir.
ASSIGN	0xCF67E3	Cavity
ASSIGN	0xCF67E3	Fuzz
ASSIGN	0xCF67E3	Glint
ASSIGN	0xCF67E3	Glint Roughness
ASSIGN	0xCF67E3	Refraction Depth
ASSIGN	0xCF67E3	Sheen
ASSIGN	0xCF67E3	Sheen Roughness
ASSIGN	0xCF67E3	Transmission Mask
ASSIGN	0xCF67E3	Bump
ASSIGN	0xC9BC09	Project Maps
ASSIGN	0xCC3BEF	Reflection Workflow:
ASSIGN	0xCC3BEF	Append Tile:
ASSIGN	0xCF67E3	Before Map
ASSIGN	0xCF67E3	After Map
ASSIGN	0xCC3BEF	Separator:
ASSIGN	0xCC3BEF	Export Size:
ASSIGN	0xA605E9	Export All
ASSIGN	0xC9BC09	Output Maps
ASSIGN	0xCB07C4	windowframefull2.tga
ASSIGN	0x7F570E	Suffix:
ASSIGN	0xCC3BEF	Type:
ASSIGN	0xCF67E3	RGB+A
ASSIGN	0xCF67E3	RGBA
ASSIGN	0xCF67E3	R+G+B
ASSIGN	0xCF67E3	R+G+B+A
ASSIGN	0xCF67E3	Grayscale
ASSIGN	0xCF67E3	8-Bit
ASSIGN	0xCB07C4	viewportrender.tga
ASSIGN	0xD23F8C	Selected Project Automatic Recomposite Check
ASSIGN	0xCB07C4	layeradjustment.tga
ASSIGN	0xCB07C4	layermaskdisabled.tga
ASSIGN	0xCB07C4	materialgroupcollapseup.tga
ASSIGN	0xCB07C4	materialgroupexpandleft.tga
ASSIGN	0xCB07C4	materialgroupcollapseuphover.tga
ASSIGN	0xCB07C4	materialgroupexpandlefthover.tga
ASSIGN	0xCB07C4	materialgroupcollapseuppressed.tga
ASSIGN	0xCB07C4	materialgroupexpandleftpressed.tga
ASSIGN	0xC9BC09	Active Maps
ASSIGN	0x5A8D4C	Channel Selector
ASSIGN	0xCB07C4	activemapbutton.tga
ASSIGN	0xCB07C4	activemapbuttonhover.tga
ASSIGN	0xCB07C4	activemapbuttonactive.tga
ASSIGN	0xCB07C4	activemapbuttonhoveractive.tga
ASSIGN	0xCB07C4	activemapbuttonpressed.tga
ASSIGN	0xCC3BEF	Projection Method
ASSIGN	0xCF67E3	Tri-Planar
ASSIGN	0xCF67E3	Planar
CTOR	0x8A516F	Edge Fade
ASSIGN	0xD1579A	Edge Fade
CTOR	0x8A52C7	Normal Map Influence
ASSIGN	0xD1579A	Normal Map Influence
ASSIGN	0xC9BC09	Material Properties
ASSIGN	0xC9BC09	Material Reference
ASSIGN	0x58D0F8	Modify Material Reference
CTOR	0x58D3DC	Material:
ASSIGN	0xC9513E	Material:
ASSIGN	0x58DA6A	Remove Reference Material
ASSIGN	0x58DD16	Import Reference Material
ASSIGN	0xCB07C4	eyedropper.tga
ASSIGN	0xCB07C4	materialcheckboxunchecked.tga
ASSIGN	0xCB07C4	materialcheckboxchecked.tga
ASSIGN	0xCB07C4	materialcheckboxuncheckedhover.tga
ASSIGN	0xCB07C4	materialcheckboxcheckedhover.tga
ASSIGN	0xCB07C4	materialcheckboxpressed.tga
ASSIGN	0xCB07C4	texturecheckboxunchecked.tga
ASSIGN	0xCB07C4	texturecheckboxchecked.tga
ASSIGN	0xCB07C4	texturecheckboxuncheckedhover.tga
ASSIGN	0xCB07C4	texturecheckboxcheckedhover.tga
ASSIGN	0xCB07C4	texturecheckboxpressed.tga
ASSIGN	0xCB07C4	invert_off.tga
ASSIGN	0xCB07C4	lefthanded_off.tga
CTOR	0xC0B3F6	Bump Map:
CTOR	0x598E30	Bump
ASSIGN	0xCF67E3	Add
ASSIGN	0xCF67E3	Multiply
ASSIGN	0xCF67E3	Overlay
ASSIGN	0xCF67E3	Lighten
ASSIGN	0xCF67E3	Darken
ASSIGN	0xCF67E3	Color Dodge
ASSIGN	0xCF67E3	Color Burn
ASSIGN	0xCF67E3	Linear Burn
ASSIGN	0x782904	ALWAYS_FRONTFACING
ASSIGN	0x782A2C	LAYER_OUTPUT
ASSIGN	0x782ADA	SPARSE_SECTOR_WIDTH
ASSIGN	0x782B7F	SPARSE_SECTOR_HEIGHT
ASSIGN	0x782C2A	SPARSE_PADDING
ASSIGN	0x782ED4	NO_SPARSE_TEXTURE_BRANCH
ASSIGN	0x6AD7F	LAYER_OUTPUT_SRGB
ASSIGN	0x7835BE	LAYER_OUTPUT_PERCEPTUAL
ASSIGN	0x783411	LAYER_OUTPUT_16BIT
ASSIGN	0x4E98F9	Cavity Map
ASSIGN	0x4E9914	Dither
ASSIGN	0x4E9924	Alpha Map
ASSIGN	0x4E8C60	Displacement Map
ASSIGN	0x4E9606	Emissive Map
ASSIGN	0x4E8FD0	Subsurface Scattering
ASSIGN	0x4E8FE0	Scatter Map
ASSIGN	0x4E90E0	Mask Map
ASSIGN	0x4E91AA	Anisotropic
ASSIGN	0x4E91BA	Direction Map
ASSIGN	0x4E9127	Fuzz Map
ASSIGN	0x4E8E98	Microfiber
ASSIGN	0x4E8EA8	Sheen Map
ASSIGN	0x4E90A5	Refraction
ASSIGN	0x4E90B5	Depth Map
ASSIGN	0x4E8F44	Glint Map
ASSIGN	0x4E9752	Occlusion Map
ASSIGN	0xCEE79D	SRDisplacementHeight
ASSIGN	0x12615B	material_displacementHeight_displacement
CTOR	0xC0B3F6	Displacement Map:
ASSIGN	0x126E55	material_displacementHeight_textureChannel
ASSIGN	0x40A589	material_displacementHeight_scale
ASSIGN	0x40A33C	Scale Center
CTOR	0x40A3EC	Scale Center
ASSIGN	0x40A589	material_displacementHeight_scaleCenter
ASSIGN	0x40A589	material_displacementHeight_contrast
ASSIGN	0x40A33C	Contrast Center
CTOR	0x40A3EC	Contrast Center
ASSIGN	0x40A589	material_displacementHeight_contrast_center
ASSIGN	0x40A33C	Offset
CTOR	0x40A3EC	Offset
ASSIGN	0x40A589	material_displacementHeight_offset
ASSIGN	0x4C9346	Generate Normals
ASSIGN	0x4C9368	material_displacementHeight_generateNormals
CTOR	0x4C93DE	Generate Normals
ASSIGN	0x4C9368	material_displacementHeight_relScale
ASSIGN	0xCEFDBD	SROcclusionMap
ASSIGN	0x12615B	material_occlusionMap_occlusionMap
CTOR	0xC0B3F6	Occlusion Map:
ASSIGN	0x126DC9	Channel;occlusion
ASSIGN	0x126E55	material_occlusionMap_channelOcclusion
ASSIGN	0x40A589	material_occlusionMap_occlusion
ASSIGN	0x126DC9	Vertex Channel
ASSIGN	0x126E55	material_occlusionMap_channelVertex
ASSIGN	0x12615B	material_occlusionMap_cavityMap
CTOR	0xC0B3F6	Cavity Map:
ASSIGN	0x126DC9	Channel;cavity
ASSIGN	0x126E55	material_occlusionMap_channelCavity
ASSIGN	0x40A33C	Diffuse Cavity
CTOR	0x40A3EC	Diffuse Cavity
ASSIGN	0x40A589	material_occlusionMap_diffuseCavity
ASSIGN	0x40A33C	Specular Cavity
CTOR	0x40A3EC	Specular Cavity
ASSIGN	0x40A589	material_occlusionMap_specularCavity
ASSIGN	0xCEF83D	SRReflectivitySpecularMap
ASSIGN	0x12613B	Specular Map
ASSIGN	0x12615B	material_reflSpecular_specularMap
CTOR	0xC0B3F6	Specular Map:
ASSIGN	0x126DC9	Channel;specular
ASSIGN	0x126E55	material_reflSpecular_channel
CTOR	0x40A3EC	Intensity
ASSIGN	0x40A589	material_reflSpecular_intensity
ASSIGN	0xCD758F	material_reflSpecular_color
ASSIGN	0x40A33C	Fresnel
CTOR	0x40A3EC	Fresnel
ASSIGN	0x40A589	material_reflSpecular_fresnelIntensity
ASSIGN	0xCD76DB	Color;fresnel
ASSIGN	0xCD76F8	material_reflSpecular_fresnelColor
ASSIGN	0x4C9346	Conserve Energy
ASSIGN	0x4C9368	material_reflSpecular_conserveEnergy
CTOR	0x4C93DE	Conserve Energy
ASSIGN	0xCB07C4	toolbarselectface.tga
ASSIGN	0xCB07C4	toolbarselectisland.tga
ASSIGN	0xCB07C4	toolbarselectmesh.tga
ASSIGN	0xCB07C4	toolbarselectwand.tga
ASSIGN	0x75DBBE	load input maps
ASSIGN	0x5EA9A7	SURFACE_ADJUSTMENT
ASSIGN	0x5EAA87	NEED_OUTPUT_ADJUSTMENT
ASSIGN	0x5EAA17	IS_GRAYSCALE
ASSIGN	0x782CC3	LAYER_BACKING
ASSIGN	0x7833A1	GENERATE_GEOMETRY
ASSIGN	0x7834C4	LAYER_EMULATE_SRGB
ASSIGN	0x928CCF	USE_POINT_SPRITE
ASSIGN	0x929025	COLOR_PROCESSOR
ASSIGN	0xCB07C4	layerstackselectedactive.tga
ASSIGN	0xCB07C4	layerstackselectedinactive.tga
ASSIGN	0xCB07C4	layerstackunselected.tga
ASSIGN	0x1B4D82	INIT_MERGE
ASSIGN	0x1B4E3F	LAYER_MASK
ASSIGN	0x1B4EFA	SPARSE_LAYER_MASK
ASSIGN	0x1B5038	LAYER_BLEND
ASSIGN	0x1B519A	TRANSFERPAINTTOOL_COMPOSITE
ASSIGN	0x1B5254	USE_PIXEL_MASK
ASSIGN	0x1B53C8	SRC_BORDERS
ASSIGN	0x1B5482	DEST_BORDERS
ASSIGN	0x1B553C	NEED_UVUP
ASSIGN	0x18CEC5	CURRENT_LAYER
ASSIGN	0x18CF8E	SMUDGE_STROKE_ALPHA
ASSIGN	0x18D0B9	SMUDGE_MERGE
ASSIGN	0x10ACA18	toolbag5
ASSIGN	0x10ACA38	account.marmoset.co
ASSIGN	0x7AE956	library.marmoset.co
ASSIGN	0xCA2B3B	MSETLIBRARY
ASSIGN	0xCA2B3B	MSETUSERLIBRARY
ASSIGN	0xCB07C4	guirootbg.tga
ASSIGN	0xCB07C4	frameborder.tga
ASSIGN	0xCB07C4	windowbg.tga
ASSIGN	0xCB07C4	guirootedge.tga
ASSIGN	0xCB07C4	tabselectorbg.tga
ASSIGN	0xCB07C4	guirootdisabled.tga
ASSIGN	0xCB07C4	hovervalid.tga
ASSIGN	0xCB07C4	hoverinvalid.tga
ASSIGN	0xCB07C4	dockseparator.tga
ASSIGN	0xCB07C4	editorframe.tga
ASSIGN	0xCB07C4	windowframe.tga
ASSIGN	0xCB07C4	drawertitleframeopen1.tga
ASSIGN	0xCB07C4	drawertitleframeopen2.tga
ASSIGN	0xCB07C4	drawertitleframeopen3.tga
ASSIGN	0xCB07C4	drawertitleframeclosed1.tga
ASSIGN	0xCB07C4	drawertitleframeclosed2.tga
ASSIGN	0xCB07C4	drawertitleframeclosed3.tga
ASSIGN	0xCB07C4	drawerbuttonopen1.tga
ASSIGN	0xCB07C4	drawerbuttonopen2.tga
ASSIGN	0xCB07C4	drawerbuttonopen3.tga
ASSIGN	0xCB07C4	drawerbuttonclosed1.tga
ASSIGN	0xCB07C4	drawerbuttonclosed2.tga
ASSIGN	0xCB07C4	drawerbuttonclosed3.tga
ASSIGN	0xCB07C4	drawerbg1.tga
ASSIGN	0xCB07C4	drawerbg2.tga
ASSIGN	0xCB07C4	drawerbg3.tga
ASSIGN	0xCB07C4	drawerdisabledbg.tga
ASSIGN	0xCB07C4	checkbox.tga
ASSIGN	0xCB07C4	checkboxchecked.tga
ASSIGN	0xCB07C4	checkboxmixed.tga
ASSIGN	0xCB07C4	checkboxhover.tga
ASSIGN	0xCB07C4	checkboxhoverchecked.tga
ASSIGN	0xCB07C4	checkboxhovermixed.tga
ASSIGN	0xCB07C4	checkboxpress.tga
ASSIGN	0xCB07C4	checkboxpresschecked.tga
ASSIGN	0xCB07C4	checkboxpressmixed.tga
ASSIGN	0xCB07C4	listboxarrow.tga
ASSIGN	0xCB07C4	menuframe.tga
ASSIGN	0xCB07C4	menuhighlight.tga
ASSIGN	0xCB07C4	menuseparator.tga
ASSIGN	0xCB07C4	menusubmenuicon.tga
ASSIGN	0xCB07C4	menucheckmark.tga
ASSIGN	0xCB07C4	menuhighlightclick.tga
ASSIGN	0xCB07C4	iconlistboxborder.tga
ASSIGN	0xCB07C4	button.tga
ASSIGN	0xCB07C4	buttonhover.tga
ASSIGN	0xCB07C4	textboxframe.tga
ASSIGN	0xCB07C4	textboxselection.tga
ASSIGN	0xCB07C4	buttonpressed.tga
ASSIGN	0xCB07C4	buttonminimal.tga
ASSIGN	0xCB07C4	buttonminimalhover.tga
ASSIGN	0xCB07C4	buttonminimalpressed.tga
ASSIGN	0xCB07C4	spinner.tga
ASSIGN	0xCB07C4	spinnerup.tga
ASSIGN	0xCB07C4	spinnerdown.tga
ASSIGN	0xCB07C4	spinneroverup.tga
ASSIGN	0xCB07C4	spinneroverdown.tga
ASSIGN	0xCB07C4	sliderframe.tga
ASSIGN	0xCB07C4	sliderknob.tga
ASSIGN	0xCB07C4	sliderknobhover.tga
ASSIGN	0xCB07C4	scrollframe.tga
ASSIGN	0xCB07C4	scrollgutter.tga
ASSIGN	0xCB07C4	scrollbar.tga
ASSIGN	0xCB07C4	scrollbuttonup.tga
ASSIGN	0xCB07C4	scrollbuttonuppressed.tga
ASSIGN	0xCB07C4	scrollbuttondown.tga
ASSIGN	0xCB07C4	scrollbuttondownpressed.tga
ASSIGN	0xAA41B4	.usdc
ASSIGN	0xAA41B4	.glb
ASSIGN	0xAA41B4	.mview
ASSIGN	0xAA41B4	.fbx
ASSIGN	0xAA41B4	.obj
ASSIGN	0xAA41B4	.dae
ASSIGN	0xAA41B4	.tbscene
ASSIGN	0x12615B	material_surfNormal_normalMap
ASSIGN	0xCB07C4	textureboxempty.tga
ASSIGN	0xCB07C4	textureboxudimoverlay.tga
ASSIGN	0xCB07C4	textureboxmixed.tga
ASSIGN	0xCB07C4	imageboxframe.tga
ASSIGN	0xCB07C4	textureboxoptions.tga
ASSIGN	0xCB07C4	textureboxpreview.tga
ASSIGN	0xCB07C4	bakerpreviewoutput.tga
ASSIGN	0xCB07C4	textureboxedit.tga
ASSIGN	0xCB07C4	textureboxreload.tga
ASSIGN	0xCB07C4	textureboxclear.tga
ASSIGN	0x4C9368	material_surfNormal_scaleBias
ASSIGN	0x4C9368	material_surfNormal_flipX
ASSIGN	0x4C9368	material_surfNormal_flipY
ASSIGN	0x4C9368	material_surfNormal_flipZ
ASSIGN	0x4C9368	material_surfNormal_genZ
ASSIGN	0x4C9368	material_surfNormal_objectSpace
ASSIGN	0x12615B	material_microsurface_roughnessMap
ASSIGN	0x126E55	material_microsurface_roughnessMapChannel
ASSIGN	0x40A589	material_microsurface_roughness
ASSIGN	0x4C9346	Invert;roughness
ASSIGN	0x4C9368	material_microsurface_roughnessInvert
ASSIGN	0x12615B	material_albedo_albedo
ASSIGN	0xCD2BBD	material_albedo_color
ASSIGN	0xCB07C4	colorpickerwell.tga
ASSIGN	0xCB07C4	colorpickermixed.tga
ASSIGN	0xCB07C4	colorpickermixedgray.tga
ASSIGN	0x12615B	material_reflMetalness_metalnessMap
ASSIGN	0x126E55	material_reflMetalness_channel
ASSIGN	0x40A589	material_reflMetalness_metalness
ASSIGN	0x4C9368	material_reflMetalness_invert
ASSIGN	0x126E55	material_texture_uv_channel
ASSIGN	0x40A589	material_texture_tile
ASSIGN	0x40A589	material_texture_tileU
ASSIGN	0x40A589	material_texture_offsetU
ASSIGN	0x40A589	material_texture_tileV
ASSIGN	0x40A589	material_texture_offsetV
ASSIGN	0x40A589	material_texture_rotation
ASSIGN	0x126E55	material_texture_wrap
ASSIGN	0x126E55	material_texture_aniso
ASSIGN	0x4C9368	material_texture_filter
ASSIGN	0x3EB0CB	MATERIAL_LAYER_COUNT
ASSIGN	0xCE6E54	MATERIAL_PASS_PREPASS
ASSIGN	0xCDE033	MATERIAL_TEXTURE_MODE_UV
ASSIGN	0x158305	MATERIAL_LAYERING_MODE_NONE
ASSIGN	0xCE6E54	MATERIAL_PASS_PREPASS_RT
ASSIGN	0xCE6E54	MATERIAL_PASS_PREPASS_RTAO
ASSIGN	0xCE6E54	MATERIAL_PASS_PREPASS_HYBRID
ASSIGN	0xCE6E54	MATERIAL_PASS_PREPASS_COMPONENTVIEW
ASSIGN	0xCE6E54	MATERIAL_PASS_LIGHT
ASSIGN	0xCE6E54	MATERIAL_PASS_SHADOWMAP
ASSIGN	0xCE6E54	MATERIAL_PASS_SHADOWMAP_COMPONENTVIEW
ASSIGN	0xCE6E54	MATERIAL_PASS_SCATTER
ASSIGN	0x6AD7F	GGX_IMPORTANCE_SAMPLES
ASSIGN	0xCE6E54	MATERIAL_PASS_COMPONENTVIEW
ASSIGN	0xCE6E54	MATERIAL_PASS_VELOCITY
ASSIGN	0xCE6E54	MATERIAL_PASS_RT_PRIMARYHIT
ASSIGN	0xCE6E54	MATERIAL_PASS_RT_PRIMARYHIT_RASTER
ASSIGN	0xCE6E54	MATERIAL_PASS_RT_SECONDARYHIT
ASSIGN	0xCE6E54	MATERIAL_PASS_HYBRID_LIGHT_SAMPLE
ASSIGN	0xCE6E54	MATERIAL_PASS_HYBRID_PRIMARYHIT
ASSIGN	0xCE6E54	MATERIAL_PASS_HYBRID_SPATIALHASHDEBUG
ASSIGN	0xCE6E54	MATERIAL_PASS_HYBRID_INDIRECT
ASSIGN	0xCE6E54	MATERIAL_PASS_DEFORM
ASSIGN	0xCE6E54	MATERIAL_PASS_PAINT
ASSIGN	0xCCB186	TRANSFORMUV_ORDER_PAINT
ASSIGN	0xCE6E54	MATERIAL_PASS_EXPORT
ASSIGN	0x6AD7F	MATERIAL_TEXTURE_NOMIPS
ASSIGN	0xCE6E54	MATERIAL_PASS_BAKE
ASSIGN	0xCE6E54	MATERIAL_PASS_RENDERTOTEXTURE
ASSIGN	0xCE6E54	MATERIAL_PASS_COLOR_SAMPLE
ASSIGN	0xC57013	PREPASS_MINIMAL
ASSIGN	0xD5F5C3	OUTPUT_SECONDARY
ASSIGN	0x7AEC29	index.json
ASSIGN	0xCB07C4	iconlistbox.tga
ASSIGN	0xCB07C4	iconlistboxhover.tga
ASSIGN	0xCB07C4	layeropacitylinkoff.tga
ASSIGN	0xCB07C4	layeropacitylinkabsolute.tga
ASSIGN	0xCB07C4	layernewpaint.tga
ASSIGN	0xCB07C4	layernewfill.tga
ASSIGN	0xCB07C4	layernewspline.tga
ASSIGN	0xCB07C4	layernewdecal.tga
ASSIGN	0xCB07C4	layernewadjustment.tga
ASSIGN	0xCB07C4	layernewprocessor.tga
ASSIGN	0xCB07C4	layernewprocedural.tga
ASSIGN	0xCB07C4	layeraddmask.tga
ASSIGN	0xCB07C4	materialduplicate.tga
ASSIGN	0xCB07C4	materialgroupnew.tga
ASSIGN	0xCB07C4	materialcarvegroupnew.tga
ASSIGN	0xCB07C4	delete.tga
ASSIGN	0xCB07C4	materialpalettebg.tga
ASSIGN	0xCB07C4	syncpointnew.tga
ASSIGN	0xCB07C4	syncpointrefresh.tga
ASSIGN	0xCB07C4	syncpointsettings.tga
ASSIGN	0xCB07C4	materialpropbg.tga
ASSIGN	0xAF0A8E	Imported_Default
ASSIGN	0x29AC3E	ACCUMULATE_DEPTH
ASSIGN	0x29ADF3	ACCUMULATE_FEATURES
ASSIGN	0x497FC7	AREA_SHADOWS
ASSIGN	0x497EAD	SPOT_SHADOWS
ASSIGN	0x6AD7F	FOG_IBL
ASSIGN	0x6AD7F	FOG_DIR
ASSIGN	0x33D1F8	FOG_SHADOWS
ASSIGN	0x6AD7F	FOG_SPOT
ASSIGN	0x33D30E	FOG_OMNI
ASSIGN	0x3383CA	DOF_ALPHA
ASSIGN	0x47A605	COMPOSITE_DUAL
ASSIGN	0xD06516	BLOOM_SAMPLES 64
ASSIGN	0xCB07C4	materialgroupframe.tga
ASSIGN	0xCB07C4	materialgroupframeselected.tga
ASSIGN	0xCB07C4	materialgroupframehover.tga
ASSIGN	0xCB07C4	materialgroupexpand.tga
ASSIGN	0xCB07C4	materialgroupcollapse.tga
ASSIGN	0xCB07C4	materiallabel.tga
ASSIGN	0xCB07C4	materiallabelhover.tga
ASSIGN	0xCB07C4	materiallabelselected.tga
ASSIGN	0xCB07C4	materiallabelsmall.tga
ASSIGN	0xCB07C4	materiallabelhoversmall.tga
ASSIGN	0xCB07C4	materiallabelselectedsmall.tga
ASSIGN	0xCB07C4	materialunselected.tga
ASSIGN	0xCB07C4	materialhighlight.tga
ASSIGN	0xCB07C4	materialhighlightempty.tga
ASSIGN	0xCB07C4	materialhighlightsmall.tga
ASSIGN	0xCB07C4	materialhighlightemptysmall.tga
ASSIGN	0xCB07C4	materialtextboxframe.tga
ASSIGN	0xCB07C4	materialnew.tga
ASSIGN	0xCB07C4	materialpresets.tga
ASSIGN	0xCB07C4	materialapply.tga
ASSIGN	0xCB07C4	materialimport.tga
ASSIGN	0xCB07C4	materialexport.tga
ASSIGN	0xCB07C4	separator.tga
ASSIGN	0xCB07C4	menubar.tga
ASSIGN	0xCB07C4	menubarhover.tga
ASSIGN	0xCF67E3	Add Layer Mask 
ASSIGN	0xCB07C4	menutoolbagicon.tga
ASSIGN	0xCB07C4	menubarmaximize.tga
ASSIGN	0xCB07C4	menubarrestore.tga
ASSIGN	0xCB07C4	menubarminimize.tga
ASSIGN	0xCB07C4	menubarclose.tga
ASSIGN	0xCB07C4	scenenewmodel.tga
ASSIGN	0xCB07C4	scenenewlight.tga
ASSIGN	0xCB07C4	scenenewcamera.tga
ASSIGN	0xCB07C4	scenenewfog.tga
ASSIGN	0xCB07C4	scenenewbaker.tga
ASSIGN	0xCB07C4	scenenewpaintproject.tga
ASSIGN	0xCB07C4	scenepresent.tga
ASSIGN	0xCB07C4	scenegroup.tga
ASSIGN	0xCB07C4	sceneduplicate.tga
ASSIGN	0xCB07C4	browsersearch.tga
ASSIGN	0xCB07C4	browsertagclose.tga
ASSIGN	0xCB07C4	filter.tga
ASSIGN	0xCB07C4	outlinebackground.tga
ASSIGN	0xCB07C4	outlinevertical.tga
ASSIGN	0xCB07C4	outlinehorizontal.tga
ASSIGN	0xCB07C4	outlinehorizontalnoroot.tga
ASSIGN	0xCB07C4	outlinegroupopen.tga
ASSIGN	0xCB07C4	outlinegroupclosed.tga
ASSIGN	0xCB07C4	outlinehighlight.tga
ASSIGN	0xCB07C4	outlinehighlightempty.tga
ASSIGN	0xCB07C4	outlinehighlighthover.tga
ASSIGN	0xCB07C4	outlineseparator.tga
ASSIGN	0xCB07C4	outlinecolumn.tga
ASSIGN	0xCB07C4	outlinevisibility.tga
ASSIGN	0xCB07C4	outlinevisibilityhidden.tga
ASSIGN	0xCB07C4	outlinelockicon.tga
ASSIGN	0xCB07C4	outlineunlockicon.tga
ASSIGN	0xCB07C4	outlineiconmesh.tga
ASSIGN	0xCB07C4	outlineiconsubmesh.tga
ASSIGN	0xCB07C4	outlineicongroup.tga
ASSIGN	0xCB07C4	outlineicondocument.tga
ASSIGN	0xCB07C4	outlineiconsky.tga
ASSIGN	0xCB07C4	outlineiconlight.tga
ASSIGN	0xCB07C4	outlineiconcamera.tga
ASSIGN	0xCB07C4	outlineiconexternal.tga
ASSIGN	0xCB07C4	outlineiconfog.tga
ASSIGN	0xCB07C4	outlineiconbaker.tga
ASSIGN	0xCB07C4	outlineiconbakersrc.tga
ASSIGN	0xCB07C4	outlineiconbakerdst.tga
ASSIGN	0xCB07C4	outlineiconbakerdstcage.tga
ASSIGN	0xCB07C4	outlineiconrender.tga
ASSIGN	0xCB07C4	outlineiconbackdrop.tga
ASSIGN	0xCB07C4	outlineiconshadowcatcher.tga
ASSIGN	0xCB07C4	outlineiconturntable.tga
ASSIGN	0xCB07C4	outlineiconpaintproject.tga
ASSIGN	0xCB07C4	outlineiconhair.tga
ASSIGN	0xCB07C4	timestretchlefthandle.tga
ASSIGN	0xCB07C4	timestretchrighthandle.tga
ASSIGN	0xCB07C4	timestretchlefthandleclicked.tga
ASSIGN	0xCB07C4	timestretchrighthandleclicked.tga
ASSIGN	0xCB07C4	timestretchbackground.tga
ASSIGN	0xCB07C4	animationtimelineviewframe.tga
ASSIGN	0xCB07C4	animationtimelineviewframeborder.tga
ASSIGN	0xCB07C4	animationtimelineviewsecondsmarker.tga
ASSIGN	0xCB07C4	animationtimelineviewframesmarker.tga
ASSIGN	0xCB07C4	animationtimelineviewkeyedframesmarker.tga
ASSIGN	0xCB07C4	animationtimelineviewselectedkeyedframesmarker.tga
ASSIGN	0xCB07C4	animationtimelineviewframemarker.tga
ASSIGN	0xCB07C4	animationtimelineviewframeinterval.tga
ASSIGN	0xCB07C4	animationtimelineselectorframe.tga
ASSIGN	0xCB07C4	animationtimelineselectorrange.tga
ASSIGN	0xCB07C4	animationtimelineselectorlefthandle.tga
ASSIGN	0xCB07C4	animationtimelineselectorrighthandle.tga
ASSIGN	0xCB07C4	animationtimelineselectorlefthandleclicked.tga
ASSIGN	0xCB07C4	animationtimelineselectorrighthandleclicked.tga
ASSIGN	0xCB07C4	animationtimelineselectorsecondsmarker.tga
ASSIGN	0xCB07C4	animationplay.tga
ASSIGN	0xCB07C4	animationpause.tga
ASSIGN	0xCB07C4	timelineeditortrim.tga
ASSIGN	0xCB07C4	timelineeditorhomeframe.tga
ASSIGN	0xCB07C4	animationfirstframe.tga
ASSIGN	0xCB07C4	animationlastframe.tga
ASSIGN	0xCB07C4	animationpreviousframe.tga
ASSIGN	0xCB07C4	animationnextframe.tga
ASSIGN	0xCB07C4	animationpreviouskeyedframe.tga
ASSIGN	0xCB07C4	animationnextkeyedframe.tga
ASSIGN	0xCB07C4	animationautokey.tga
ASSIGN	0xCB07C4	animationzoomlink.tga
ASSIGN	0xCB07C4	animationloop.tga
ASSIGN	0xCB07C4	keyframescalerverticalhandle.tga
ASSIGN	0xCB07C4	keyframescalerhorizontalhandle.tga
ASSIGN	0xCB07C4	keyframescalercornerhandle.tga
ASSIGN	0xCB07C4	keyframescalerverticalhandleclicked.tga
ASSIGN	0xCB07C4	keyframescalerhorizontalhandleclicked.tga
ASSIGN	0xCB07C4	keyframescalercornerhandleclicked.tga
ASSIGN	0xCB07C4	keyframescalerbackground.tga
ASSIGN	0xCB07C4	keyframescalerborder.tga
ASSIGN	0xCB07C4	curveeditorframe.tga
ASSIGN	0xCB07C4	curveeditorframeborder.tga
ASSIGN	0xCB07C4	curveeditorsecondsmarker.tga
ASSIGN	0xCB07C4	curveeditorframesmarker.tga
ASSIGN	0xCB07C4	curveeditorplaybackline.tga
ASSIGN	0xCB07C4	curveeditortimestretchbackground.tga
ASSIGN	0xCB07C4	curveeditoremptybackground.tga
ASSIGN	0xCB07C4	curveeditoroutofboundsoverlay.tga
ASSIGN	0xCB07C4	curveeditortimescalelinebackgroundmask.tga
ASSIGN	0xCB07C4	animationoutlineiconproperty.tga
ASSIGN	0xCB07C4	animationoutlineiconmaterial.tga
ASSIGN	0xCB07C4	animationoutlineicongroup.tga
ASSIGN	0xCB07C4	curveeditorshowstacked.tga
ASSIGN	0xCB07C4	curveeditorshowoverlapped.tga
ASSIGN	0xCB07C4	animationblendstep.tga
ASSIGN	0xCB07C4	animationblendlinear.tga
ASSIGN	0xCB07C4	animationblendspline.tga
ASSIGN	0xCB07C4	animationblendsplinebreak.tga
ASSIGN	0xCB07C4	animationinsertkeyframes.tga
ASSIGN	0xCB07C4	animationdeletekeyframes.tga
ASSIGN	0xCB07C4	animationdeleteallkeyframes.tga
ASSIGN	0xCB07C4	curveeditorshowvalues.tga
ASSIGN	0xCB07C4	curveeditorautofit.tga
ASSIGN	0xCB07C4	curveeditorresetview.tga
ASSIGN	0xCB07C4	colorpickercursor.tga
ASSIGN	0xCB07C4	colorpickerhue.tga
ASSIGN	0xCB07C4	colorpickerslidercursor.tga
ASSIGN	0xCB07C4	togglescreensampler.tga
ASSIGN	0x52F256	GAMMA_ADJUSTMENT
ASSIGN	0xCB07C4	splineframe.tga
ASSIGN	0xBB5BA3	Frame: 
ASSIGN	0xBB5C30	VP Quality: 
ASSIGN	0xBB5DB9	Draw: 
ASSIGN	0xBB5E52	GPU: 
ASSIGN	0xCB07C4	historyinactivebutton.tga
ASSIGN	0xCB07C4	splinevertex.tga
ASSIGN	0xCB07C4	splineline.tga
ASSIGN	0xCB07C4	listboxmenu.tga
ASSIGN	0xCB07C4	exportusd.tga
ASSIGN	0xCB07C4	exportgltf.tga
ASSIGN	0xCB07C4	exportviewer.tga
ASSIGN	0xCB07C4	exportfbx.tga
ASSIGN	0xCB07C4	exportobj.tga
ASSIGN	0xCB07C4	exportdae.tga
ASSIGN	0xCB07C4	exportbundle.tga
ASSIGN	0xCB07C4	confirm.tga
ASSIGN	0xCB07C4	cancel.tga
ASSIGN	0xCB07C4	ignore.tga
ASSIGN	0xCB07C4	reset.tga
ASSIGN	0xCB07C4	inputrecorderframe.tga
ASSIGN	0xCB07C4	inputrecorderhover.tga
ASSIGN	0xCB07C4	inputrecorderrecord.tga
ASSIGN	0xCB07C4	brusheditortablet.tga
ASSIGN	0xCB07C4	brusheditordynamicsoff.tga
ASSIGN	0xCB07C4	brusheditortilt.tga
ASSIGN	0xCB07C4	brusheditorfade.tga
ASSIGN	0xCB07C4	windowframefull.tga
ASSIGN	0xCB07C4	invert_on.tga
ASSIGN	0xCB07C4	linkuvscale_on.tga
ASSIGN	0xC896D	Select From: 
ASSIGN	0x18A5FB	Smudge Over: 
ASSIGN	0xCB07C4	locatorheader.tga
ASSIGN	0xCB07C4	locatordivider.tga
ASSIGN	0xCB07C4	locatoraction.tga
ASSIGN	0xCB07C4	locatorfolder.tga
ASSIGN	0xCB07C4	locatordownload.tga
ASSIGN	0xCB07C4	splinetangent.tga
ASSIGN	0xCB07C4	splinetangent_hover.tga
ASSIGN	0xCB07C4	splinetangent_selected.tga
ASSIGN	0xCB07C4	splinevertex_hover.tga
ASSIGN	0xCB07C4	splinevertex_selected.tga
ASSIGN	0xCB07C4	beziersharpen.tga
ASSIGN	0xCB07C4	beziersmooth.tga
ASSIGN	0xCB07C4	beziermirrorangle_on.tga
ASSIGN	0xCB07C4	beziermirrorpos_on.tga
ASSIGN	0xCB07C4	bezierlimits_on.tga
ASSIGN	0xCB07C4	beziersnap_on.tga
ASSIGN	0xCB07C4	workspacebarbg.tga
ASSIGN	0xCB07C4	workspacetabselectorbutton.tga
ASSIGN	0xCB07C4	workspacetabselectorbuttonpressed.tga
ASSIGN	0xCB07C4	workspacetabselectorbuttonhover.tga
ASSIGN	0xCB07C4	tabselectorbutton.tga
ASSIGN	0xCB07C4	tabselectorbuttonpressed.tga
ASSIGN	0xCB07C4	tabselectorbuttonhover.tga
ASSIGN	0xCB07C4	scrolltableft.tga
ASSIGN	0xCB07C4	scrolltabright.tga
ASSIGN	0xCB07C4	console.tga
ASSIGN	0xCB07C4	progressbar.tga
ASSIGN	0xCB07C4	progressbarpaused.tga
ASSIGN	0xCB07C4	progressbarframe.tga
ASSIGN	0xCB07C4	toolbarbg.tga
ASSIGN	0x7286B1	SPARSE_BUFFER_SIZE
ASSIGN	0xCB07C4	toolbarraster.tga
ASSIGN	0xCB07C4	toolbarhybrid.tga
ASSIGN	0xCB07C4	toolbarrt.tga
ASSIGN	0xCB07C4	toolbartransform.tga
ASSIGN	0xCB07C4	toolbarselect.tga
ASSIGN	0xCB07C4	toolbartranslate.tga
ASSIGN	0xCB07C4	toolbarrotate.tga
ASSIGN	0xCB07C4	toolbarscale.tga
ASSIGN	0xCB07C4	toolbarselectmarquee.tga
ASSIGN	0xCB07C4	toolbarselectcircle.tga
ASSIGN	0xCB07C4	toolbarselectpoly.tga
ASSIGN	0xCB07C4	toolbarselectlasso.tga
ASSIGN	0xCB07C4	toolbarseparator.tga
ASSIGN	0x3EBBC8	MATERIAL_BINDING_UNIFORM
ASSIGN	0xCB07C4	windowcolumnbg.tga
ASSIGN	0xCB07C4	rowdivider.tga
ASSIGN	0xCB07C4	columnexpandright.tga
ASSIGN	0xCB07C4	columnexpandleft.tga
ASSIGN	0xCB07C4	windowrowbg.tga
ASSIGN	0xCB07C4	grabhandle.tga
ASSIGN	0xCB07C4	windowstackundock.tga
ASSIGN	0xCB07C4	viewportseparator.tga
ASSIGN	0xCB07C4	viewportcamera.tga
ASSIGN	0xCB07C4	viewportlistboxbackground.tga
ASSIGN	0xCB07C4	viewportlistboxhover.tga
ASSIGN	0xCB07C4	viewportoptions.tga
ASSIGN	0xCB07C4	viewportsplit.tga
ASSIGN	0xCB07C4	viewportsplitvert.tga
ASSIGN	0xCB07C4	viewportsplithorz.tga
ASSIGN	0xCB07C4	deletecustomanimation.tga
ASSIGN	0xCB07C4	viewportmaximize.tga
ASSIGN	0xCB07C4	viewportundock.tga
ASSIGN	0xCB07C4	viewportactive.tga
ASSIGN	0xCB07C4	viewportprogressframe.tga
ASSIGN	0xCB07C4	viewportprogressdone.tga
ASSIGN	0xCB07C4	viewportprogressflash.tga
ASSIGN	0xCB07C4	viewportprogressbar.tga
ASSIGN	0xCB07C4	dockseparatorhandle.tga
ASSIGN	0xCB07C4	viewportseparatorsnap.tga
ASSIGN	0x52275A	SINGLE_PASS
ASSIGN	0xCB07C4	canvassplinemode.tga
ASSIGN	0xCB07C4	browserfilter0.tga
ASSIGN	0xCB07C4	browserfilter1.tga
ASSIGN	0xCB07C4	browserfilter2.tga
ASSIGN	0xCB07C4	browserfilter3.tga
ASSIGN	0xCB07C4	browserfilter4.tga
ASSIGN	0xCB07C4	browserfilter5.tga
ASSIGN	0xCB07C4	browserfilter6.tga
ASSIGN	0xCB07C4	browserfilter7.tga
ASSIGN	0xCB07C4	browserroot.tga
ASSIGN	0xCB07C4	browserback.tga
ASSIGN	0xCB07C4	browserforward.tga
ASSIGN	0xCB07C4	browserup.tga
ASSIGN	0xCB07C4	browserfoldernew.tga
ASSIGN	0xCB07C4	browserfolderdelete.tga
ASSIGN	0xCB07C4	browserdownload.tga
ASSIGN	0xCB07C4	browseropen.tga
ASSIGN	0xCB07C4	browserdelete.tga
ASSIGN	0xCB07C4	outlineicongroupsecondary.tga
ASSIGN	0xCB07C4	browserfilterfirst.tga
ASSIGN	0xCB07C4	browserfilterthird.tga
ASSIGN	0xCB07C4	browserfilterlocal.tga
ASSIGN	0xCB07C4	browserfilterdownload.tga
ASSIGN	0xCB07C4	browserfilterupdate.tga
ASSIGN	0xCB07C4	browserfilterscene.tga
ASSIGN	0xCB07C4	browserfilterseparator.tga
ASSIGN	0xCB07C4	browserfilterhover.tga
ASSIGN	0x571D4A	No Results. Clear Filters?
ASSIGN	0xA605E9	Image...
ASSIGN	0xA605E9	Library...
ASSIGN	0xC9BC09	Sky Light
CTOR	0xBDBAEC	Child-Light Brightness
ASSIGN	0xD1579A	Child-Light Brightness
CTOR	0xBDBDB5	Importance Sample
ASSIGN	0xC9513E	Importance Sample
ASSIGN	0xCB07C4	lighticon.tga
ASSIGN	0xCF67E3	Blurred Sky
ASSIGN	0xCF67E3	Ambient Sky
ASSIGN	0xBDC5E6	Background Color
CTOR	0xBDC6F9	Backdrop Brightness
ASSIGN	0xD1579A	Backdrop Brightness
CTOR	0xBDC876	Backdrop Blur
ASSIGN	0xD1579A	Backdrop Blur
ASSIGN	0xC9BC09	Control
ASSIGN	0xD1988F	(Alt + W,A,S,D,Q,E)
ASSIGN	0xD1988F	Move Speed:
ASSIGN	0xD1988F	(Alt + Middle)
CTOR	0xA63BA5	Pan Speed
ASSIGN	0xD1579A	Pan Speed
CTOR	0xA63CE5	Orbit Style
ASSIGN	0xC9513E	Orbit Style
ASSIGN	0xD1988F	Orbit Distance:
CTOR	0xA63E55	Follow Target
ASSIGN	0xC9513E	Follow Target
ASSIGN	0xD1988F	Follow Lag
ASSIGN	0xC9BC09	Limits
CTOR	0xA63FF0	Use Limits in Viewport
ASSIGN	0xC9513E	Use Limits in Viewport
ASSIGN	0xCC3BEF	Pan Limits
ASSIGN	0xCF67E3	Locked
ASSIGN	0xCF67E3	Y-Only
CTOR	0xA64152	Limit Near
ASSIGN	0xC9513E	Limit Near
CTOR	0xA64213	Limit Far
ASSIGN	0xC9513E	Limit Far
CTOR	0xA63037	Orbit Near
ASSIGN	0xD1579A	Orbit Near
CTOR	0xA63270	Orbit Far
ASSIGN	0xD1579A	Orbit Far
ASSIGN	0xA605E9	Set Near
ASSIGN	0xA605E9	Set Far
CTOR	0xA6442E	Limit Orbit Pitch
ASSIGN	0xC9513E	Limit Orbit Pitch
CTOR	0xA62DB3	Min Pitch
ASSIGN	0xD1579A	Min Pitch
CTOR	0xA62EC2	Max Pitch
ASSIGN	0xD1579A	Max Pitch
CTOR	0xA64567	Limit Orbit Yaw
ASSIGN	0xC9513E	Limit Orbit Yaw
CTOR	0xA62DB3	Min Yaw
ASSIGN	0xD1579A	Min Yaw
CTOR	0xA62EC2	Max Yaw
ASSIGN	0xD1579A	Max Yaw
CTOR	0xA646A0	Yaw Offset
ASSIGN	0xD1579A	Yaw Offset
ASSIGN	0xA605E9	Center on View
ASSIGN	0xC9BC09	Lens
ASSIGN	0xCF67E3	Orthographic
ASSIGN	0xD1988F	mm:
CTOR	0xA64E44	Near Plane
ASSIGN	0xD1579A	Near Plane
CTOR	0xA64F69	Safe Frame
ASSIGN	0xC9513E	Safe Frame
CTOR	0xA64FEF	Frame Opacity
ASSIGN	0xD1579A	Frame Opacity
ASSIGN	0xCC3BEF	Depth of Field
ASSIGN	0xCF67E3	Post Effect
CTOR	0xA651E1	Sticky Focus
ASSIGN	0xC9513E	Sticky Focus
ASSIGN	0xCB07C4	dialbg.tga
ASSIGN	0xCB07C4	dialstripbg.tga
ASSIGN	0xCB07C4	dialstripborder.tga
ASSIGN	0xCB07C4	dialstripoverlay.tga
ASSIGN	0xCB07C4	dialtickmarker.tga
ASSIGN	0xCB07C4	dialselectedmarker.tga
ASSIGN	0xCB07C4	dialhovermarker.tga
ASSIGN	0xCB07C4	dial_dof_right.tga
ASSIGN	0xCB07C4	dial_dof_left.tga
ASSIGN	0xCB07C4	dof_focus.tga
CTOR	0xA6581E	Anamorphic Bokeh Ratio
ASSIGN	0xD1579A	Anamorphic Bokeh Ratio
CTOR	0xA65C19	Aperture Rotation
ASSIGN	0xD1579A	Aperture Rotation
ASSIGN	0xC9BC09	Flare
ASSIGN	0xC9BC09	Motion Blur
CTOR	0xA6620E	Motion Blur
ASSIGN	0xCB07C4	dial_shutterspeed_right.tga
ASSIGN	0xCB07C4	dial_shutterspeed_left.tga
CTOR	0xA66BCD	Looping Animation
ASSIGN	0xC9513E	Looping Animation
ASSIGN	0xC9BC09	Distortion
CTOR	0xA66E29	Chromatic Aberration
ASSIGN	0xD1579A	Chromatic Aberration
ASSIGN	0xCC3BEF	Tone Mapping
ASSIGN	0xCF67E3	Reinhard
ASSIGN	0xCF67E3	Hejl
ASSIGN	0xCF67E3	ACES
ASSIGN	0xCF67E3	AgX
ASSIGN	0xA605E9	Curves...
CTOR	0xA7C74A	Midtones
ASSIGN	0xD1579A	Midtones
CTOR	0xA7D12A	Clarity
ASSIGN	0xD1579A	Clarity
ASSIGN	0xA68347	Post Saturation
CTOR	0xA7E450	Limit
ASSIGN	0xD1579A	Limit
ASSIGN	0xC9BC09	Bloom
ASSIGN	0xA68887	Post Bloom
ASSIGN	0xC9BC09	Vignette
ASSIGN	0xA68C2C	Vignette Color
CTOR	0xA7C74A	Softness
ASSIGN	0xD1579A	Softness
ASSIGN	0xC9BC09	Grain
CTOR	0xA7F5F0	Animated Preview
ASSIGN	0xC9513E	Animated Preview
ASSIGN	0xCF67E3	Film
ASSIGN	0xCF67E3	Digital
CTOR	0x3B3E5A	Grain Intensity
ASSIGN	0xD1579A	Grain Intensity
ASSIGN	0xCF67E3	Fine
ASSIGN	0xCF67E3	Coarse
ASSIGN	0xCB07C4	toolbarcameralimits.tga
ASSIGN	0xCB07C4	toolbarfocus.tga
ASSIGN	0xCB07C4	toolbarcenter.tga
ASSIGN	0x1B4D82	INIT_MERGE
ASSIGN	0x1B4E3F	LAYER_MASK
ASSIGN	0x1B4EFA	SPARSE_LAYER_MASK
ASSIGN	0x1B5038	LAYER_BLEND
ASSIGN	0x1B519A	TRANSFERPAINTTOOL_COMPOSITE
ASSIGN	0x1B5254	USE_PIXEL_MASK
ASSIGN	0x1B53C8	SRC_BORDERS
ASSIGN	0x1B5482	DEST_BORDERS
ASSIGN	0x1B553C	NEED_UVUP
ASSIGN	0x18CEC5	CURRENT_LAYER
ASSIGN	0x18CF8E	SMUDGE_STROKE_ALPHA
ASSIGN	0x18D0B9	SMUDGE_MERGE
ASSIGN	0x10ACA18	toolbag5
ASSIGN	0x10ACA38	account.marmoset.co
ASSIGN	0x7AE956	library.marmoset.co
ASSIGN	0xCA2B3B	MSETLIBRARY
ASSIGN	0xCA2B3B	MSETUSERLIBRARY
ASSIGN	0xCB07C4	guirootbg.tga
ASSIGN	0xCB07C4	frameborder.tga
ASSIGN	0xCB07C4	windowbg.tga
ASSIGN	0xCB07C4	guirootedge.tga
ASSIGN	0xCB07C4	tabselectorbg.tga
ASSIGN	0xCB07C4	guirootdisabled.tga
ASSIGN	0xCB07C4	hovervalid.tga
ASSIGN	0xCB07C4	hoverinvalid.tga
ASSIGN	0xCB07C4	dockseparator.tga
ASSIGN	0xCB07C4	editorframe.tga
ASSIGN	0xCB07C4	windowframe.tga
ASSIGN	0xCB07C4	drawertitleframeopen1.tga
ASSIGN	0xCB07C4	drawertitleframeopen2.tga
ASSIGN	0xCB07C4	drawertitleframeopen3.tga
ASSIGN	0xCB07C4	drawertitleframeclosed1.tga
ASSIGN	0xCB07C4	drawertitleframeclosed2.tga
ASSIGN	0xCB07C4	drawertitleframeclosed3.tga
ASSIGN	0xCB07C4	drawerbuttonopen1.tga
ASSIGN	0xCB07C4	drawerbuttonopen2.tga
ASSIGN	0xCB07C4	drawerbuttonopen3.tga
ASSIGN	0xCB07C4	drawerbuttonclosed1.tga
ASSIGN	0xCB07C4	drawerbuttonclosed2.tga
ASSIGN	0xCB07C4	drawerbuttonclosed3.tga
ASSIGN	0xCB07C4	drawerbg1.tga
ASSIGN	0xCB07C4	drawerbg2.tga
ASSIGN	0xCB07C4	drawerbg3.tga
ASSIGN	0xCB07C4	drawerdisabledbg.tga
ASSIGN	0xCB07C4	checkbox.tga
ASSIGN	0xCB07C4	checkboxchecked.tga
ASSIGN	0xCB07C4	checkboxmixed.tga
ASSIGN	0xCB07C4	checkboxhover.tga
ASSIGN	0xCB07C4	checkboxhoverchecked.tga
ASSIGN	0xCB07C4	checkboxhovermixed.tga
ASSIGN	0xCB07C4	checkboxpress.tga
ASSIGN	0xCB07C4	checkboxpresschecked.tga
ASSIGN	0xCB07C4	checkboxpressmixed.tga
ASSIGN	0xCB07C4	listboxarrow.tga
ASSIGN	0xCB07C4	menuframe.tga
ASSIGN	0xCB07C4	menuhighlight.tga
ASSIGN	0xCB07C4	menuseparator.tga
ASSIGN	0xCB07C4	menusubmenuicon.tga
ASSIGN	0xCB07C4	menucheckmark.tga
ASSIGN	0xCB07C4	menuhighlightclick.tga
ASSIGN	0xCB07C4	iconlistboxborder.tga
ASSIGN	0xCB07C4	button.tga
ASSIGN	0xCB07C4	buttonhover.tga
ASSIGN	0xCB07C4	textboxframe.tga
ASSIGN	0xCB07C4	textboxselection.tga
ASSIGN	0xCB07C4	buttonpressed.tga
ASSIGN	0xCB07C4	buttonminimal.tga
ASSIGN	0xCB07C4	buttonminimalhover.tga
ASSIGN	0xCB07C4	buttonminimalpressed.tga
ASSIGN	0xCB07C4	spinner.tga
ASSIGN	0xCB07C4	spinnerup.tga
ASSIGN	0xCB07C4	spinnerdown.tga
ASSIGN	0xCB07C4	spinneroverup.tga
ASSIGN	0xCB07C4	spinneroverdown.tga
ASSIGN	0xCB07C4	sliderframe.tga
ASSIGN	0xCB07C4	sliderknob.tga
ASSIGN	0xCB07C4	sliderknobhover.tga
ASSIGN	0xCB07C4	scrollframe.tga
ASSIGN	0xCB07C4	scrollgutter.tga
ASSIGN	0xCB07C4	scrollbar.tga
ASSIGN	0xCB07C4	scrollbuttonup.tga
ASSIGN	0xCB07C4	scrollbuttonuppressed.tga
ASSIGN	0xCB07C4	scrollbuttondown.tga
ASSIGN	0xCB07C4	scrollbuttondownpressed.tga
ASSIGN	0xAA41B4	.usdc
ASSIGN	0xAA41B4	.glb
ASSIGN	0xAA41B4	.mview
ASSIGN	0xAA41B4	.fbx
ASSIGN	0xAA41B4	.obj
ASSIGN	0xAA41B4	.dae
ASSIGN	0xAA41B4	.tbscene
ASSIGN	0x12615B	material_surfNormal_normalMap
ASSIGN	0xCB07C4	textureboxempty.tga
ASSIGN	0xCB07C4	textureboxudimoverlay.tga
ASSIGN	0xCB07C4	textureboxmixed.tga
ASSIGN	0xCB07C4	imageboxframe.tga
ASSIGN	0xCB07C4	textureboxoptions.tga
ASSIGN	0xCB07C4	textureboxpreview.tga
ASSIGN	0xCB07C4	bakerpreviewoutput.tga
ASSIGN	0xCB07C4	textureboxedit.tga
ASSIGN	0xCB07C4	textureboxreload.tga
ASSIGN	0xCB07C4	textureboxclear.tga
ASSIGN	0x4C9368	material_surfNormal_scaleBias
ASSIGN	0x4C9368	material_surfNormal_flipX
ASSIGN	0x4C9368	material_surfNormal_flipY
ASSIGN	0x4C9368	material_surfNormal_flipZ
ASSIGN	0x4C9368	material_surfNormal_genZ
ASSIGN	0x4C9368	material_surfNormal_objectSpace
ASSIGN	0x12615B	material_microsurface_roughnessMap
ASSIGN	0x126E55	material_microsurface_roughnessMapChannel
ASSIGN	0x40A589	material_microsurface_roughness
ASSIGN	0x4C9346	Invert;roughness
ASSIGN	0x4C9368	material_microsurface_roughnessInvert
ASSIGN	0x12615B	material_albedo_albedo
ASSIGN	0xCD2BBD	material_albedo_color
ASSIGN	0xCB07C4	colorpickerwell.tga
ASSIGN	0xCB07C4	colorpickermixed.tga
ASSIGN	0xCB07C4	colorpickermixedgray.tga
ASSIGN	0x12615B	material_reflMetalness_metalnessMap
ASSIGN	0x126E55	material_reflMetalness_channel
ASSIGN	0x40A589	material_reflMetalness_metalness
ASSIGN	0x4C9368	material_reflMetalness_invert
ASSIGN	0x126E55	material_texture_uv_channel
ASSIGN	0x40A589	material_texture_tile
ASSIGN	0x40A589	material_texture_tileU
ASSIGN	0x40A589	material_texture_offsetU
ASSIGN	0x40A589	material_texture_tileV
ASSIGN	0x40A589	material_texture_offsetV
ASSIGN	0x40A589	material_texture_rotation
ASSIGN	0x126E55	material_texture_wrap
ASSIGN	0x126E55	material_texture_aniso
ASSIGN	0x4C9368	material_texture_filter
ASSIGN	0x3EB0CB	MATERIAL_LAYER_COUNT
ASSIGN	0xCE6E54	MATERIAL_PASS_PREPASS
ASSIGN	0xCDE033	MATERIAL_TEXTURE_MODE_UV
ASSIGN	0x158305	MATERIAL_LAYERING_MODE_NONE
ASSIGN	0xCE6E54	MATERIAL_PASS_PREPASS_RT
ASSIGN	0xCE6E54	MATERIAL_PASS_PREPASS_RTAO
ASSIGN	0xCE6E54	MATERIAL_PASS_PREPASS_HYBRID
ASSIGN	0xCE6E54	MATERIAL_PASS_PREPASS_COMPONENTVIEW
ASSIGN	0xCE6E54	MATERIAL_PASS_LIGHT
ASSIGN	0xCE6E54	MATERIAL_PASS_SHADOWMAP
ASSIGN	0xCE6E54	MATERIAL_PASS_SHADOWMAP_COMPONENTVIEW
ASSIGN	0xCE6E54	MATERIAL_PASS_SCATTER
ASSIGN	0x6AD7F	GGX_IMPORTANCE_SAMPLES
ASSIGN	0xCE6E54	MATERIAL_PASS_COMPONENTVIEW
ASSIGN	0xCE6E54	MATERIAL_PASS_VELOCITY
ASSIGN	0xCE6E54	MATERIAL_PASS_RT_PRIMARYHIT
ASSIGN	0xCE6E54	MATERIAL_PASS_RT_PRIMARYHIT_RASTER
ASSIGN	0xCE6E54	MATERIAL_PASS_RT_SECONDARYHIT
ASSIGN	0xCE6E54	MATERIAL_PASS_HYBRID_LIGHT_SAMPLE
ASSIGN	0xCE6E54	MATERIAL_PASS_HYBRID_PRIMARYHIT
ASSIGN	0xCE6E54	MATERIAL_PASS_HYBRID_SPATIALHASHDEBUG
ASSIGN	0xCE6E54	MATERIAL_PASS_HYBRID_INDIRECT
ASSIGN	0xCE6E54	MATERIAL_PASS_DEFORM
ASSIGN	0xCE6E54	MATERIAL_PASS_PAINT
ASSIGN	0xCCB186	TRANSFORMUV_ORDER_PAINT
ASSIGN	0xCE6E54	MATERIAL_PASS_EXPORT
ASSIGN	0x6AD7F	MATERIAL_TEXTURE_NOMIPS
ASSIGN	0xCE6E54	MATERIAL_PASS_BAKE
ASSIGN	0xCE6E54	MATERIAL_PASS_RENDERTOTEXTURE
ASSIGN	0xCE6E54	MATERIAL_PASS_COLOR_SAMPLE
ASSIGN	0xC57013	PREPASS_MINIMAL
ASSIGN	0xD5F5C3	OUTPUT_SECONDARY
ASSIGN	0x7AEC29	index.json
ASSIGN	0xCB07C4	iconlistbox.tga
ASSIGN	0xCB07C4	iconlistboxhover.tga
ASSIGN	0xCB07C4	layeropacitylinkoff.tga
ASSIGN	0xCB07C4	layeropacitylinkabsolute.tga
ASSIGN	0xCB07C4	layernewpaint.tga
ASSIGN	0xCB07C4	layernewfill.tga
ASSIGN	0xCB07C4	layernewspline.tga
ASSIGN	0xCB07C4	layernewdecal.tga
ASSIGN	0xCB07C4	layernewadjustment.tga
ASSIGN	0xCB07C4	layernewprocessor.tga
ASSIGN	0xCB07C4	layernewprocedural.tga
ASSIGN	0xCB07C4	layeraddmask.tga
ASSIGN	0xCB07C4	materialduplicate.tga
ASSIGN	0xCB07C4	materialgroupnew.tga
ASSIGN	0xCB07C4	materialcarvegroupnew.tga
ASSIGN	0xCB07C4	delete.tga
ASSIGN	0xCB07C4	materialpalettebg.tga
ASSIGN	0xCB07C4	syncpointnew.tga
ASSIGN	0xCB07C4	syncpointrefresh.tga
ASSIGN	0xCB07C4	syncpointsettings.tga
ASSIGN	0xCB07C4	materialpropbg.tga
ASSIGN	0xAF0A8E	Imported_Default
ASSIGN	0x29AC3E	ACCUMULATE_DEPTH
ASSIGN	0x29ADF3	ACCUMULATE_FEATURES
ASSIGN	0x497FC7	AREA_SHADOWS
ASSIGN	0x497EAD	SPOT_SHADOWS
ASSIGN	0x6AD7F	FOG_IBL
ASSIGN	0x6AD7F	FOG_DIR
ASSIGN	0x33D1F8	FOG_SHADOWS
ASSIGN	0x6AD7F	FOG_SPOT
ASSIGN	0x33D30E	FOG_OMNI
ASSIGN	0x3383CA	DOF_ALPHA
ASSIGN	0x47A605	COMPOSITE_DUAL
ASSIGN	0xD06516	BLOOM_SAMPLES 64
ASSIGN	0xCB07C4	materialgroupframe.tga
ASSIGN	0xCB07C4	materialgroupframeselected.tga
ASSIGN	0xCB07C4	materialgroupframehover.tga
ASSIGN	0xCB07C4	materialgroupexpand.tga
ASSIGN	0xCB07C4	materialgroupcollapse.tga
ASSIGN	0xCB07C4	materiallabel.tga
ASSIGN	0xCB07C4	materiallabelhover.tga
ASSIGN	0xCB07C4	materiallabelselected.tga
ASSIGN	0xCB07C4	materiallabelsmall.tga
ASSIGN	0xCB07C4	materiallabelhoversmall.tga
ASSIGN	0xCB07C4	materiallabelselectedsmall.tga
ASSIGN	0xCB07C4	materialunselected.tga
ASSIGN	0xCB07C4	materialhighlight.tga
ASSIGN	0xCB07C4	materialhighlightempty.tga
ASSIGN	0xCB07C4	materialhighlightsmall.tga
ASSIGN	0xCB07C4	materialhighlightemptysmall.tga
ASSIGN	0xCB07C4	materialtextboxframe.tga
ASSIGN	0xCB07C4	materialnew.tga
ASSIGN	0xCB07C4	materialpresets.tga
ASSIGN	0xCB07C4	materialapply.tga
ASSIGN	0xCB07C4	materialimport.tga
ASSIGN	0xCB07C4	materialexport.tga
ASSIGN	0xCB07C4	separator.tga
ASSIGN	0xCB07C4	menubar.tga
ASSIGN	0xCB07C4	menubarhover.tga
ASSIGN	0xCF67E3	Add Layer Mask 
ASSIGN	0xCB07C4	menutoolbagicon.tga
ASSIGN	0xCB07C4	menubarmaximize.tga
ASSIGN	0xCB07C4	menubarrestore.tga
ASSIGN	0xCB07C4	menubarminimize.tga
ASSIGN	0xCB07C4	menubarclose.tga
ASSIGN	0xCB07C4	scenenewmodel.tga
ASSIGN	0xCB07C4	scenenewlight.tga
ASSIGN	0xCB07C4	scenenewcamera.tga
ASSIGN	0xCB07C4	scenenewfog.tga
ASSIGN	0xCB07C4	scenenewbaker.tga
ASSIGN	0xCB07C4	scenenewpaintproject.tga
ASSIGN	0xCB07C4	scenepresent.tga
ASSIGN	0xCB07C4	scenegroup.tga
ASSIGN	0xCB07C4	sceneduplicate.tga
ASSIGN	0xCB07C4	browsersearch.tga
ASSIGN	0xCB07C4	browsertagclose.tga
ASSIGN	0xCB07C4	filter.tga
ASSIGN	0xCB07C4	outlinebackground.tga
ASSIGN	0xCB07C4	outlinevertical.tga
ASSIGN	0xCB07C4	outlinehorizontal.tga
ASSIGN	0xCB07C4	outlinehorizontalnoroot.tga
ASSIGN	0xCB07C4	outlinegroupopen.tga
ASSIGN	0xCB07C4	outlinegroupclosed.tga
ASSIGN	0xCB07C4	outlinehighlight.tga
ASSIGN	0xCB07C4	outlinehighlightempty.tga
ASSIGN	0xCB07C4	outlinehighlighthover.tga
ASSIGN	0xCB07C4	outlineseparator.tga
ASSIGN	0xCB07C4	outlinecolumn.tga
ASSIGN	0xCB07C4	outlinevisibility.tga
ASSIGN	0xCB07C4	outlinevisibilityhidden.tga
ASSIGN	0xCB07C4	outlinelockicon.tga
ASSIGN	0xCB07C4	outlineunlockicon.tga
ASSIGN	0xCB07C4	outlineiconmesh.tga
ASSIGN	0xCB07C4	outlineiconsubmesh.tga
ASSIGN	0xCB07C4	outlineicongroup.tga
ASSIGN	0xCB07C4	outlineicondocument.tga
ASSIGN	0xCB07C4	outlineiconsky.tga
ASSIGN	0xCB07C4	outlineiconlight.tga
ASSIGN	0xCB07C4	outlineiconcamera.tga
ASSIGN	0xCB07C4	outlineiconexternal.tga
ASSIGN	0xCB07C4	outlineiconfog.tga
ASSIGN	0xCB07C4	outlineiconbaker.tga
ASSIGN	0xCB07C4	outlineiconbakersrc.tga
ASSIGN	0xCB07C4	outlineiconbakerdst.tga
ASSIGN	0xCB07C4	outlineiconbakerdstcage.tga
ASSIGN	0xCB07C4	outlineiconrender.tga
ASSIGN	0xCB07C4	outlineiconbackdrop.tga
ASSIGN	0xCB07C4	outlineiconshadowcatcher.tga
ASSIGN	0xCB07C4	outlineiconturntable.tga
ASSIGN	0xCB07C4	outlineiconpaintproject.tga
ASSIGN	0xCB07C4	outlineiconhair.tga
ASSIGN	0xCB07C4	timestretchlefthandle.tga
ASSIGN	0xCB07C4	timestretchrighthandle.tga
ASSIGN	0xCB07C4	timestretchlefthandleclicked.tga
ASSIGN	0xCB07C4	timestretchrighthandleclicked.tga
ASSIGN	0xCB07C4	timestretchbackground.tga
ASSIGN	0xCB07C4	animationtimelineviewframe.tga
ASSIGN	0xCB07C4	animationtimelineviewframeborder.tga
ASSIGN	0xCB07C4	animationtimelineviewsecondsmarker.tga
ASSIGN	0xCB07C4	animationtimelineviewframesmarker.tga
ASSIGN	0xCB07C4	animationtimelineviewkeyedframesmarker.tga
ASSIGN	0xCB07C4	animationtimelineviewselectedkeyedframesmarker.tga
ASSIGN	0xCB07C4	animationtimelineviewframemarker.tga
ASSIGN	0xCB07C4	animationtimelineviewframeinterval.tga
ASSIGN	0xCB07C4	animationtimelineselectorframe.tga
ASSIGN	0xCB07C4	animationtimelineselectorrange.tga
ASSIGN	0xCB07C4	animationtimelineselectorlefthandle.tga
ASSIGN	0xCB07C4	animationtimelineselectorrighthandle.tga
ASSIGN	0xCB07C4	animationtimelineselectorlefthandleclicked.tga
ASSIGN	0xCB07C4	animationtimelineselectorrighthandleclicked.tga
ASSIGN	0xCB07C4	animationtimelineselectorsecondsmarker.tga
ASSIGN	0xCB07C4	animationplay.tga
ASSIGN	0xCB07C4	animationpause.tga
ASSIGN	0xCB07C4	timelineeditortrim.tga
ASSIGN	0xCB07C4	timelineeditorhomeframe.tga
ASSIGN	0xCB07C4	animationfirstframe.tga
ASSIGN	0xCB07C4	animationlastframe.tga
ASSIGN	0xCB07C4	animationpreviousframe.tga
ASSIGN	0xCB07C4	animationnextframe.tga
ASSIGN	0xCB07C4	animationpreviouskeyedframe.tga
ASSIGN	0xCB07C4	animationnextkeyedframe.tga
ASSIGN	0xCB07C4	animationautokey.tga
ASSIGN	0xCB07C4	animationzoomlink.tga
ASSIGN	0xCB07C4	animationloop.tga
ASSIGN	0xCB07C4	keyframescalerverticalhandle.tga
ASSIGN	0xCB07C4	keyframescalerhorizontalhandle.tga
ASSIGN	0xCB07C4	keyframescalercornerhandle.tga
ASSIGN	0xCB07C4	keyframescalerverticalhandleclicked.tga
ASSIGN	0xCB07C4	keyframescalerhorizontalhandleclicked.tga
ASSIGN	0xCB07C4	keyframescalercornerhandleclicked.tga
ASSIGN	0xCB07C4	keyframescalerbackground.tga
ASSIGN	0xCB07C4	keyframescalerborder.tga
ASSIGN	0xCB07C4	curveeditorframe.tga
ASSIGN	0xCB07C4	curveeditorframeborder.tga
ASSIGN	0xCB07C4	curveeditorsecondsmarker.tga
ASSIGN	0xCB07C4	curveeditorframesmarker.tga
ASSIGN	0xCB07C4	curveeditorplaybackline.tga
ASSIGN	0xCB07C4	curveeditortimestretchbackground.tga
ASSIGN	0xCB07C4	curveeditoremptybackground.tga
ASSIGN	0xCB07C4	curveeditoroutofboundsoverlay.tga
ASSIGN	0xCB07C4	curveeditortimescalelinebackgroundmask.tga
ASSIGN	0xCB07C4	animationoutlineiconproperty.tga
ASSIGN	0xCB07C4	animationoutlineiconmaterial.tga
ASSIGN	0xCB07C4	animationoutlineicongroup.tga
ASSIGN	0xCB07C4	curveeditorshowstacked.tga
ASSIGN	0xCB07C4	curveeditorshowoverlapped.tga
ASSIGN	0xCB07C4	animationblendstep.tga
ASSIGN	0xCB07C4	animationblendlinear.tga
ASSIGN	0xCB07C4	animationblendspline.tga
ASSIGN	0xCB07C4	animationblendsplinebreak.tga
ASSIGN	0xCB07C4	animationinsertkeyframes.tga
ASSIGN	0xCB07C4	animationdeletekeyframes.tga
ASSIGN	0xCB07C4	animationdeleteallkeyframes.tga
ASSIGN	0xCB07C4	curveeditorshowvalues.tga
ASSIGN	0xCB07C4	curveeditorautofit.tga
ASSIGN	0xCB07C4	curveeditorresetview.tga
ASSIGN	0xCB07C4	colorpickercursor.tga
ASSIGN	0xCB07C4	colorpickerhue.tga
ASSIGN	0xCB07C4	colorpickerslidercursor.tga
ASSIGN	0xCB07C4	togglescreensampler.tga
ASSIGN	0x52F256	GAMMA_ADJUSTMENT
ASSIGN	0xCB07C4	splineframe.tga
ASSIGN	0xBB5BA3	Frame: 
ASSIGN	0xBB5C30	VP Quality: 
ASSIGN	0xBB5DB9	Draw: 
ASSIGN	0xBB5E52	GPU: 
ASSIGN	0xCB07C4	historyinactivebutton.tga
ASSIGN	0xCB07C4	splinevertex.tga
ASSIGN	0xCB07C4	splineline.tga
ASSIGN	0xCB07C4	listboxmenu.tga
ASSIGN	0xCB07C4	exportusd.tga
ASSIGN	0xCB07C4	exportgltf.tga
ASSIGN	0xCB07C4	exportviewer.tga
ASSIGN	0xCB07C4	exportfbx.tga
ASSIGN	0xCB07C4	exportobj.tga
ASSIGN	0xCB07C4	exportdae.tga
ASSIGN	0xCB07C4	exportbundle.tga
ASSIGN	0xCB07C4	confirm.tga
ASSIGN	0xCB07C4	cancel.tga
ASSIGN	0xCB07C4	ignore.tga
ASSIGN	0xCB07C4	reset.tga
ASSIGN	0xCB07C4	inputrecorderframe.tga
ASSIGN	0xCB07C4	inputrecorderhover.tga
ASSIGN	0xCB07C4	inputrecorderrecord.tga
ASSIGN	0xCB07C4	brusheditortablet.tga
ASSIGN	0xCB07C4	brusheditordynamicsoff.tga
ASSIGN	0xCB07C4	brusheditortilt.tga
ASSIGN	0xCB07C4	brusheditorfade.tga
ASSIGN	0xCB07C4	windowframefull.tga
ASSIGN	0xCB07C4	invert_on.tga
ASSIGN	0xCB07C4	linkuvscale_on.tga
ASSIGN	0xC896D	Select From: 
ASSIGN	0x18A5FB	Smudge Over: 
ASSIGN	0xCB07C4	locatorheader.tga
ASSIGN	0xCB07C4	locatordivider.tga
ASSIGN	0xCB07C4	locatoraction.tga
ASSIGN	0xCB07C4	locatorfolder.tga
ASSIGN	0xCB07C4	locatordownload.tga
ASSIGN	0xCB07C4	splinetangent.tga
ASSIGN	0xCB07C4	splinetangent_hover.tga
ASSIGN	0xCB07C4	splinetangent_selected.tga
ASSIGN	0xCB07C4	splinevertex_hover.tga
ASSIGN	0xCB07C4	splinevertex_selected.tga
ASSIGN	0xCB07C4	beziersharpen.tga
ASSIGN	0xCB07C4	beziersmooth.tga
ASSIGN	0xCB07C4	beziermirrorangle_on.tga
ASSIGN	0xCB07C4	beziermirrorpos_on.tga
ASSIGN	0xCB07C4	bezierlimits_on.tga
ASSIGN	0xCB07C4	beziersnap_on.tga
ASSIGN	0xCB07C4	workspacebarbg.tga
ASSIGN	0xCB07C4	workspacetabselectorbutton.tga
ASSIGN	0xCB07C4	workspacetabselectorbuttonpressed.tga
ASSIGN	0xCB07C4	workspacetabselectorbuttonhover.tga
ASSIGN	0xCB07C4	tabselectorbutton.tga
ASSIGN	0xCB07C4	tabselectorbuttonpressed.tga
ASSIGN	0xCB07C4	tabselectorbuttonhover.tga
ASSIGN	0xCB07C4	scrolltableft.tga
ASSIGN	0xCB07C4	scrolltabright.tga
ASSIGN	0xCB07C4	console.tga
ASSIGN	0xCB07C4	progressbar.tga
ASSIGN	0xCB07C4	progressbarpaused.tga
ASSIGN	0xCB07C4	progressbarframe.tga
ASSIGN	0xCB07C4	toolbarbg.tga
ASSIGN	0x7286B1	SPARSE_BUFFER_SIZE
ASSIGN	0xCB07C4	toolbarraster.tga
ASSIGN	0xCB07C4	toolbarhybrid.tga
ASSIGN	0xCB07C4	toolbarrt.tga
ASSIGN	0xCB07C4	toolbartransform.tga
ASSIGN	0xCB07C4	toolbarselect.tga
ASSIGN	0xCB07C4	toolbartranslate.tga
ASSIGN	0xCB07C4	toolbarrotate.tga
ASSIGN	0xCB07C4	toolbarscale.tga
ASSIGN	0xCB07C4	toolbarselectmarquee.tga
ASSIGN	0xCB07C4	toolbarselectcircle.tga
ASSIGN	0xCB07C4	toolbarselectpoly.tga
ASSIGN	0xCB07C4	toolbarselectlasso.tga
ASSIGN	0xCB07C4	toolbarseparator.tga
ASSIGN	0x3EBBC8	MATERIAL_BINDING_UNIFORM
ASSIGN	0xCB07C4	windowcolumnbg.tga
ASSIGN	0xCB07C4	rowdivider.tga
ASSIGN	0xCB07C4	columnexpandright.tga
ASSIGN	0xCB07C4	columnexpandleft.tga
ASSIGN	0xCB07C4	windowrowbg.tga
ASSIGN	0xCB07C4	grabhandle.tga
ASSIGN	0xCB07C4	windowstackundock.tga
ASSIGN	0xCB07C4	viewportseparator.tga
ASSIGN	0xCB07C4	viewportcamera.tga
ASSIGN	0xCB07C4	viewportlistboxbackground.tga
ASSIGN	0xCB07C4	viewportlistboxhover.tga
ASSIGN	0xCB07C4	viewportoptions.tga
ASSIGN	0xCB07C4	viewportsplit.tga
ASSIGN	0xCB07C4	viewportsplitvert.tga
ASSIGN	0xCB07C4	viewportsplithorz.tga
ASSIGN	0xCB07C4	deletecustomanimation.tga
ASSIGN	0xCB07C4	viewportmaximize.tga
ASSIGN	0xCB07C4	viewportundock.tga
ASSIGN	0xCB07C4	viewportactive.tga
ASSIGN	0xCB07C4	viewportprogressframe.tga
ASSIGN	0xCB07C4	viewportprogressdone.tga
ASSIGN	0xCB07C4	viewportprogressflash.tga
ASSIGN	0xCB07C4	viewportprogressbar.tga
ASSIGN	0xCB07C4	dockseparatorhandle.tga
ASSIGN	0x52275A	SINGLE_PASS
ASSIGN	0xCB07C4	canvassplinemode.tga
ASSIGN	0xCB07C4	viewportseparatorsnap.tga
ASSIGN	0xCB07C4	browserfilter0.tga
ASSIGN	0xCB07C4	browserfilter1.tga
ASSIGN	0xCB07C4	browserfilter2.tga
ASSIGN	0xCB07C4	browserfilter3.tga
ASSIGN	0xCB07C4	browserfilter4.tga
ASSIGN	0xCB07C4	browserfilter5.tga
ASSIGN	0xCB07C4	browserfilter6.tga
ASSIGN	0xCB07C4	browserfilter7.tga
ASSIGN	0xCB07C4	browserroot.tga
ASSIGN	0xCB07C4	browserback.tga
ASSIGN	0xCB07C4	browserforward.tga
ASSIGN	0xCB07C4	browserup.tga
ASSIGN	0xCB07C4	browserfoldernew.tga
ASSIGN	0xCB07C4	browserfolderdelete.tga
ASSIGN	0xCB07C4	browserdownload.tga
ASSIGN	0xCB07C4	browseropen.tga
ASSIGN	0xCB07C4	browserdelete.tga
ASSIGN	0xCB07C4	outlineicongroupsecondary.tga
ASSIGN	0xCB07C4	browserfilterfirst.tga
ASSIGN	0xCB07C4	browserfilterthird.tga
ASSIGN	0xCB07C4	browserfilterlocal.tga
ASSIGN	0xCB07C4	browserfilterdownload.tga
ASSIGN	0xCB07C4	browserfilterupdate.tga
ASSIGN	0xCB07C4	browserfilterscene.tga
ASSIGN	0xCB07C4	browserfilterseparator.tga
ASSIGN	0xCB07C4	browserfilterhover.tga
ASSIGN	0x571D4A	No Results. Clear Filters?
ASSIGN	0x1B4D82	INIT_MERGE
ASSIGN	0x1B4E3F	LAYER_MASK
ASSIGN	0x1B4EFA	SPARSE_LAYER_MASK
ASSIGN	0x1B5038	LAYER_BLEND
ASSIGN	0x1B519A	TRANSFERPAINTTOOL_COMPOSITE
ASSIGN	0x1B5254	USE_PIXEL_MASK
ASSIGN	0x1B53C8	SRC_BORDERS
ASSIGN	0x1B5482	DEST_BORDERS
ASSIGN	0x1B553C	NEED_UVUP
ASSIGN	0x18CEC5	CURRENT_LAYER
ASSIGN	0x18CF8E	SMUDGE_STROKE_ALPHA
ASSIGN	0x18D0B9	SMUDGE_MERGE
ASSIGN	0x10ACA18	toolbag5
ASSIGN	0x10ACA38	account.marmoset.co
ASSIGN	0x7AE956	library.marmoset.co
ASSIGN	0xCA2B3B	MSETLIBRARY
ASSIGN	0xCA2B3B	MSETUSERLIBRARY
ASSIGN	0xCB07C4	guirootbg.tga
ASSIGN	0xCB07C4	frameborder.tga
ASSIGN	0xCB07C4	windowbg.tga
ASSIGN	0xCB07C4	guirootedge.tga
ASSIGN	0xCB07C4	tabselectorbg.tga
ASSIGN	0xCB07C4	guirootdisabled.tga
ASSIGN	0xCB07C4	hovervalid.tga
ASSIGN	0xCB07C4	hoverinvalid.tga
ASSIGN	0xCB07C4	dockseparator.tga
ASSIGN	0xCB07C4	editorframe.tga
ASSIGN	0xCB07C4	windowframe.tga
ASSIGN	0xCB07C4	drawertitleframeopen1.tga
ASSIGN	0xCB07C4	drawertitleframeopen2.tga
ASSIGN	0xCB07C4	drawertitleframeopen3.tga
ASSIGN	0xCB07C4	drawertitleframeclosed1.tga
ASSIGN	0xCB07C4	drawertitleframeclosed2.tga
ASSIGN	0xCB07C4	drawertitleframeclosed3.tga
ASSIGN	0xCB07C4	drawerbuttonopen1.tga
ASSIGN	0xCB07C4	drawerbuttonopen2.tga
ASSIGN	0xCB07C4	drawerbuttonopen3.tga
ASSIGN	0xCB07C4	drawerbuttonclosed1.tga
ASSIGN	0xCB07C4	drawerbuttonclosed2.tga
ASSIGN	0xCB07C4	drawerbuttonclosed3.tga
ASSIGN	0xCB07C4	drawerbg1.tga
ASSIGN	0xCB07C4	drawerbg2.tga
ASSIGN	0xCB07C4	drawerbg3.tga
ASSIGN	0xCB07C4	drawerdisabledbg.tga
ASSIGN	0xCB07C4	checkbox.tga
ASSIGN	0xCB07C4	checkboxchecked.tga
ASSIGN	0xCB07C4	checkboxmixed.tga
ASSIGN	0xCB07C4	checkboxhover.tga
ASSIGN	0xCB07C4	checkboxhoverchecked.tga
ASSIGN	0xCB07C4	checkboxhovermixed.tga
ASSIGN	0xCB07C4	checkboxpress.tga
ASSIGN	0xCB07C4	checkboxpresschecked.tga
ASSIGN	0xCB07C4	checkboxpressmixed.tga
ASSIGN	0xCB07C4	listboxarrow.tga
ASSIGN	0xCB07C4	menuframe.tga
ASSIGN	0xCB07C4	menuhighlight.tga
ASSIGN	0xCB07C4	menuseparator.tga
ASSIGN	0xCB07C4	menusubmenuicon.tga
ASSIGN	0xCB07C4	menucheckmark.tga
ASSIGN	0xCB07C4	menuhighlightclick.tga
ASSIGN	0xCB07C4	iconlistboxborder.tga
ASSIGN	0xCB07C4	button.tga
ASSIGN	0xCB07C4	buttonhover.tga
ASSIGN	0xCB07C4	textboxframe.tga
ASSIGN	0xCB07C4	textboxselection.tga
ASSIGN	0xCB07C4	buttonpressed.tga
ASSIGN	0xCB07C4	buttonminimal.tga
ASSIGN	0xCB07C4	buttonminimalhover.tga
ASSIGN	0xCB07C4	buttonminimalpressed.tga
ASSIGN	0xCB07C4	spinner.tga
ASSIGN	0xCB07C4	spinnerup.tga
ASSIGN	0xCB07C4	spinnerdown.tga
ASSIGN	0xCB07C4	spinneroverup.tga
ASSIGN	0xCB07C4	spinneroverdown.tga
ASSIGN	0xCB07C4	sliderframe.tga
ASSIGN	0xCB07C4	sliderknob.tga
ASSIGN	0xCB07C4	sliderknobhover.tga
ASSIGN	0xCB07C4	scrollframe.tga
ASSIGN	0xCB07C4	scrollgutter.tga
ASSIGN	0xCB07C4	scrollbar.tga
ASSIGN	0xCB07C4	scrollbuttonup.tga
ASSIGN	0xCB07C4	scrollbuttonuppressed.tga
ASSIGN	0xCB07C4	scrollbuttondown.tga
ASSIGN	0xCB07C4	scrollbuttondownpressed.tga
ASSIGN	0xAA41B4	.usdc
ASSIGN	0xAA41B4	.glb
ASSIGN	0xAA41B4	.mview
ASSIGN	0xAA41B4	.fbx
ASSIGN	0xAA41B4	.obj
ASSIGN	0xAA41B4	.dae
ASSIGN	0xAA41B4	.tbscene
ASSIGN	0x12615B	material_surfNormal_normalMap
ASSIGN	0xCB07C4	textureboxempty.tga
ASSIGN	0xCB07C4	textureboxudimoverlay.tga
ASSIGN	0xCB07C4	textureboxmixed.tga
ASSIGN	0xCB07C4	imageboxframe.tga
ASSIGN	0xCB07C4	textureboxoptions.tga
ASSIGN	0xCB07C4	textureboxpreview.tga
ASSIGN	0xCB07C4	bakerpreviewoutput.tga
ASSIGN	0xCB07C4	textureboxedit.tga
ASSIGN	0xCB07C4	textureboxreload.tga
ASSIGN	0xCB07C4	textureboxclear.tga
ASSIGN	0x4C9368	material_surfNormal_scaleBias
ASSIGN	0x4C9368	material_surfNormal_flipX
ASSIGN	0x4C9368	material_surfNormal_flipY
ASSIGN	0x4C9368	material_surfNormal_flipZ
ASSIGN	0x4C9368	material_surfNormal_genZ
ASSIGN	0x4C9368	material_surfNormal_objectSpace
ASSIGN	0x12615B	material_microsurface_roughnessMap
ASSIGN	0x126E55	material_microsurface_roughnessMapChannel
ASSIGN	0x40A589	material_microsurface_roughness
ASSIGN	0x4C9346	Invert;roughness
ASSIGN	0x4C9368	material_microsurface_roughnessInvert
ASSIGN	0x12615B	material_albedo_albedo
ASSIGN	0xCD2BBD	material_albedo_color
ASSIGN	0xCB07C4	colorpickerwell.tga
ASSIGN	0xCB07C4	colorpickermixed.tga
ASSIGN	0xCB07C4	colorpickermixedgray.tga
ASSIGN	0x12615B	material_reflMetalness_metalnessMap
ASSIGN	0x126E55	material_reflMetalness_channel
ASSIGN	0x40A589	material_reflMetalness_metalness
ASSIGN	0x4C9368	material_reflMetalness_invert
ASSIGN	0x126E55	material_texture_uv_channel
ASSIGN	0x40A589	material_texture_tile
ASSIGN	0x40A589	material_texture_tileU
ASSIGN	0x40A589	material_texture_offsetU
ASSIGN	0x40A589	material_texture_tileV
ASSIGN	0x40A589	material_texture_offsetV
ASSIGN	0x40A589	material_texture_rotation
ASSIGN	0x126E55	material_texture_wrap
ASSIGN	0x126E55	material_texture_aniso
ASSIGN	0x4C9368	material_texture_filter
ASSIGN	0x3EB0CB	MATERIAL_LAYER_COUNT
ASSIGN	0xCE6E54	MATERIAL_PASS_PREPASS
ASSIGN	0xCDE033	MATERIAL_TEXTURE_MODE_UV
ASSIGN	0x158305	MATERIAL_LAYERING_MODE_NONE
ASSIGN	0xCE6E54	MATERIAL_PASS_PREPASS_RT
ASSIGN	0xCE6E54	MATERIAL_PASS_PREPASS_RTAO
ASSIGN	0xCE6E54	MATERIAL_PASS_PREPASS_HYBRID
ASSIGN	0xCE6E54	MATERIAL_PASS_PREPASS_COMPONENTVIEW
ASSIGN	0xCE6E54	MATERIAL_PASS_LIGHT
ASSIGN	0xCE6E54	MATERIAL_PASS_SHADOWMAP
ASSIGN	0xCE6E54	MATERIAL_PASS_SHADOWMAP_COMPONENTVIEW
ASSIGN	0xCE6E54	MATERIAL_PASS_SCATTER
ASSIGN	0x6AD7F	GGX_IMPORTANCE_SAMPLES
ASSIGN	0xCE6E54	MATERIAL_PASS_COMPONENTVIEW
ASSIGN	0xCE6E54	MATERIAL_PASS_VELOCITY
ASSIGN	0xCE6E54	MATERIAL_PASS_RT_PRIMARYHIT
ASSIGN	0xCE6E54	MATERIAL_PASS_RT_PRIMARYHIT_RASTER
ASSIGN	0xCE6E54	MATERIAL_PASS_RT_SECONDARYHIT
ASSIGN	0xCE6E54	MATERIAL_PASS_HYBRID_LIGHT_SAMPLE
ASSIGN	0xCE6E54	MATERIAL_PASS_HYBRID_PRIMARYHIT
ASSIGN	0xCE6E54	MATERIAL_PASS_HYBRID_SPATIALHASHDEBUG
ASSIGN	0xCE6E54	MATERIAL_PASS_HYBRID_INDIRECT
ASSIGN	0xCE6E54	MATERIAL_PASS_DEFORM
ASSIGN	0xCE6E54	MATERIAL_PASS_PAINT
ASSIGN	0xCCB186	TRANSFORMUV_ORDER_PAINT
ASSIGN	0xCE6E54	MATERIAL_PASS_EXPORT
ASSIGN	0x6AD7F	MATERIAL_TEXTURE_NOMIPS
ASSIGN	0xCE6E54	MATERIAL_PASS_BAKE
ASSIGN	0xCE6E54	MATERIAL_PASS_RENDERTOTEXTURE
ASSIGN	0xCE6E54	MATERIAL_PASS_COLOR_SAMPLE
ASSIGN	0xC57013	PREPASS_MINIMAL
ASSIGN	0xD5F5C3	OUTPUT_SECONDARY
ASSIGN	0x7AEC29	index.json
ASSIGN	0xCB07C4	iconlistbox.tga
ASSIGN	0xCB07C4	iconlistboxhover.tga
ASSIGN	0xCB07C4	layeropacitylinkoff.tga
ASSIGN	0xCB07C4	layeropacitylinkabsolute.tga
ASSIGN	0xCB07C4	layernewpaint.tga
ASSIGN	0xCB07C4	layernewfill.tga
ASSIGN	0xCB07C4	layernewspline.tga
ASSIGN	0xCB07C4	layernewdecal.tga
ASSIGN	0xCB07C4	layernewadjustment.tga
ASSIGN	0xCB07C4	layernewprocessor.tga
ASSIGN	0xCB07C4	layernewprocedural.tga
ASSIGN	0xCB07C4	layeraddmask.tga
ASSIGN	0xCB07C4	materialduplicate.tga
ASSIGN	0xCB07C4	materialgroupnew.tga
ASSIGN	0xCB07C4	materialcarvegroupnew.tga
ASSIGN	0xCB07C4	delete.tga
ASSIGN	0xCB07C4	materialpalettebg.tga
ASSIGN	0xCB07C4	syncpointnew.tga
ASSIGN	0xCB07C4	syncpointrefresh.tga
ASSIGN	0xCB07C4	syncpointsettings.tga
ASSIGN	0xCB07C4	materialpropbg.tga
ASSIGN	0xAF0A8E	Imported_Default
ASSIGN	0x29AC3E	ACCUMULATE_DEPTH
ASSIGN	0x29ADF3	ACCUMULATE_FEATURES
ASSIGN	0x497FC7	AREA_SHADOWS
ASSIGN	0x497EAD	SPOT_SHADOWS
ASSIGN	0x6AD7F	FOG_IBL
ASSIGN	0x6AD7F	FOG_DIR
ASSIGN	0x33D1F8	FOG_SHADOWS
ASSIGN	0x6AD7F	FOG_SPOT
ASSIGN	0x33D30E	FOG_OMNI
ASSIGN	0x3383CA	DOF_ALPHA
ASSIGN	0x47A605	COMPOSITE_DUAL
ASSIGN	0xD06516	BLOOM_SAMPLES 64
ASSIGN	0xCB07C4	materialgroupframe.tga
ASSIGN	0xCB07C4	materialgroupframeselected.tga
ASSIGN	0xCB07C4	materialgroupframehover.tga
ASSIGN	0xCB07C4	materialgroupexpand.tga
ASSIGN	0xCB07C4	materialgroupcollapse.tga
ASSIGN	0xCB07C4	materiallabel.tga
ASSIGN	0xCB07C4	materiallabelhover.tga
ASSIGN	0xCB07C4	materiallabelselected.tga
ASSIGN	0xCB07C4	materiallabelsmall.tga
ASSIGN	0xCB07C4	materiallabelhoversmall.tga
ASSIGN	0xCB07C4	materiallabelselectedsmall.tga
ASSIGN	0xCB07C4	materialunselected.tga
ASSIGN	0xCB07C4	materialhighlight.tga
ASSIGN	0xCB07C4	materialhighlightempty.tga
ASSIGN	0xCB07C4	materialhighlightsmall.tga
ASSIGN	0xCB07C4	materialhighlightemptysmall.tga
ASSIGN	0xCB07C4	materialtextboxframe.tga
ASSIGN	0xCB07C4	materialnew.tga
ASSIGN	0xCB07C4	materialpresets.tga
ASSIGN	0xCB07C4	materialapply.tga
ASSIGN	0xCB07C4	materialimport.tga
ASSIGN	0xCB07C4	materialexport.tga
ASSIGN	0xCB07C4	separator.tga
ASSIGN	0xCB07C4	menubar.tga
ASSIGN	0xCB07C4	menubarhover.tga
ASSIGN	0xCF67E3	Add Layer Mask 
ASSIGN	0xCB07C4	menutoolbagicon.tga
ASSIGN	0xCB07C4	menubarmaximize.tga
ASSIGN	0xCB07C4	menubarrestore.tga
ASSIGN	0xCB07C4	menubarminimize.tga
ASSIGN	0xCB07C4	menubarclose.tga
ASSIGN	0xCB07C4	scenenewmodel.tga
ASSIGN	0xCB07C4	scenenewlight.tga
ASSIGN	0xCB07C4	scenenewcamera.tga
ASSIGN	0xCB07C4	scenenewfog.tga
ASSIGN	0xCB07C4	scenenewbaker.tga
ASSIGN	0xCB07C4	scenenewpaintproject.tga
ASSIGN	0xCB07C4	scenepresent.tga
ASSIGN	0xCB07C4	scenegroup.tga
ASSIGN	0xCB07C4	sceneduplicate.tga
ASSIGN	0xCB07C4	browsersearch.tga
ASSIGN	0xCB07C4	browsertagclose.tga
ASSIGN	0xCB07C4	filter.tga
ASSIGN	0xCB07C4	outlinebackground.tga
ASSIGN	0xCB07C4	outlinevertical.tga
ASSIGN	0xCB07C4	outlinehorizontal.tga
ASSIGN	0xCB07C4	outlinehorizontalnoroot.tga
ASSIGN	0xCB07C4	outlinegroupopen.tga
ASSIGN	0xCB07C4	outlinegroupclosed.tga
ASSIGN	0xCB07C4	outlinehighlight.tga
ASSIGN	0xCB07C4	outlinehighlightempty.tga
ASSIGN	0xCB07C4	outlinehighlighthover.tga
ASSIGN	0xCB07C4	outlineseparator.tga
ASSIGN	0xCB07C4	outlinecolumn.tga
ASSIGN	0xCB07C4	outlinevisibility.tga
ASSIGN	0xCB07C4	outlinevisibilityhidden.tga
ASSIGN	0xCB07C4	outlinelockicon.tga
ASSIGN	0xCB07C4	outlineunlockicon.tga
ASSIGN	0xCB07C4	outlineiconmesh.tga
ASSIGN	0xCB07C4	outlineiconsubmesh.tga
ASSIGN	0xCB07C4	outlineicongroup.tga
ASSIGN	0xCB07C4	outlineicondocument.tga
ASSIGN	0xCB07C4	outlineiconsky.tga
ASSIGN	0xCB07C4	outlineiconlight.tga
ASSIGN	0xCB07C4	outlineiconcamera.tga
ASSIGN	0xCB07C4	outlineiconexternal.tga
ASSIGN	0xCB07C4	outlineiconfog.tga
ASSIGN	0xCB07C4	outlineiconbaker.tga
ASSIGN	0xCB07C4	outlineiconbakersrc.tga
ASSIGN	0xCB07C4	outlineiconbakerdst.tga
ASSIGN	0xCB07C4	outlineiconbakerdstcage.tga
ASSIGN	0xCB07C4	outlineiconrender.tga
ASSIGN	0xCB07C4	outlineiconbackdrop.tga
ASSIGN	0xCB07C4	outlineiconshadowcatcher.tga
ASSIGN	0xCB07C4	outlineiconturntable.tga
ASSIGN	0xCB07C4	outlineiconpaintproject.tga
ASSIGN	0xCB07C4	outlineiconhair.tga
ASSIGN	0xCB07C4	timestretchlefthandle.tga
ASSIGN	0xCB07C4	timestretchrighthandle.tga
ASSIGN	0xCB07C4	timestretchlefthandleclicked.tga
ASSIGN	0xCB07C4	timestretchrighthandleclicked.tga
ASSIGN	0xCB07C4	timestretchbackground.tga
ASSIGN	0xCB07C4	animationtimelineviewframe.tga
ASSIGN	0xCB07C4	animationtimelineviewframeborder.tga
ASSIGN	0xCB07C4	animationtimelineviewsecondsmarker.tga
ASSIGN	0xCB07C4	animationtimelineviewframesmarker.tga
ASSIGN	0xCB07C4	animationtimelineviewkeyedframesmarker.tga
ASSIGN	0xCB07C4	animationtimelineviewselectedkeyedframesmarker.tga
ASSIGN	0xCB07C4	animationtimelineviewframemarker.tga
ASSIGN	0xCB07C4	animationtimelineviewframeinterval.tga
ASSIGN	0xCB07C4	animationtimelineselectorframe.tga
ASSIGN	0xCB07C4	animationtimelineselectorrange.tga
ASSIGN	0xCB07C4	animationtimelineselectorlefthandle.tga
ASSIGN	0xCB07C4	animationtimelineselectorrighthandle.tga
ASSIGN	0xCB07C4	animationtimelineselectorlefthandleclicked.tga
ASSIGN	0xCB07C4	animationtimelineselectorrighthandleclicked.tga
ASSIGN	0xCB07C4	animationtimelineselectorsecondsmarker.tga
ASSIGN	0xCB07C4	animationplay.tga
ASSIGN	0xCB07C4	animationpause.tga
ASSIGN	0xCB07C4	timelineeditortrim.tga
ASSIGN	0xCB07C4	timelineeditorhomeframe.tga
ASSIGN	0xCB07C4	animationfirstframe.tga
ASSIGN	0xCB07C4	animationlastframe.tga
ASSIGN	0xCB07C4	animationpreviousframe.tga
ASSIGN	0xCB07C4	animationnextframe.tga
ASSIGN	0xCB07C4	animationpreviouskeyedframe.tga
ASSIGN	0xCB07C4	animationnextkeyedframe.tga
ASSIGN	0xCB07C4	animationautokey.tga
ASSIGN	0xCB07C4	animationzoomlink.tga
ASSIGN	0xCB07C4	animationloop.tga
ASSIGN	0xCB07C4	keyframescalerverticalhandle.tga
ASSIGN	0xCB07C4	keyframescalerhorizontalhandle.tga
ASSIGN	0xCB07C4	keyframescalercornerhandle.tga
ASSIGN	0xCB07C4	keyframescalerverticalhandleclicked.tga
ASSIGN	0xCB07C4	keyframescalerhorizontalhandleclicked.tga
ASSIGN	0xCB07C4	keyframescalercornerhandleclicked.tga
ASSIGN	0xCB07C4	keyframescalerbackground.tga
ASSIGN	0xCB07C4	keyframescalerborder.tga
ASSIGN	0xCB07C4	curveeditorframe.tga
ASSIGN	0xCB07C4	curveeditorframeborder.tga
ASSIGN	0xCB07C4	curveeditorsecondsmarker.tga
ASSIGN	0xCB07C4	curveeditorframesmarker.tga
ASSIGN	0xCB07C4	curveeditorplaybackline.tga
ASSIGN	0xCB07C4	curveeditortimestretchbackground.tga
ASSIGN	0xCB07C4	curveeditoremptybackground.tga
ASSIGN	0xCB07C4	curveeditoroutofboundsoverlay.tga
ASSIGN	0xCB07C4	curveeditortimescalelinebackgroundmask.tga
ASSIGN	0xCB07C4	animationoutlineiconproperty.tga
ASSIGN	0xCB07C4	animationoutlineiconmaterial.tga
ASSIGN	0xCB07C4	animationoutlineicongroup.tga
ASSIGN	0xCB07C4	curveeditorshowstacked.tga
ASSIGN	0xCB07C4	curveeditorshowoverlapped.tga
ASSIGN	0xCB07C4	animationblendstep.tga
ASSIGN	0xCB07C4	animationblendlinear.tga
ASSIGN	0xCB07C4	animationblendspline.tga
ASSIGN	0xCB07C4	animationblendsplinebreak.tga
ASSIGN	0xCB07C4	animationinsertkeyframes.tga
ASSIGN	0xCB07C4	animationdeletekeyframes.tga
ASSIGN	0xCB07C4	animationdeleteallkeyframes.tga
ASSIGN	0xCB07C4	curveeditorshowvalues.tga
ASSIGN	0xCB07C4	curveeditorautofit.tga
ASSIGN	0xCB07C4	curveeditorresetview.tga
ASSIGN	0xCB07C4	colorpickercursor.tga
ASSIGN	0xCB07C4	colorpickerhue.tga
ASSIGN	0xCB07C4	colorpickerslidercursor.tga
ASSIGN	0xCB07C4	togglescreensampler.tga
ASSIGN	0x52F256	GAMMA_ADJUSTMENT
ASSIGN	0xCB07C4	splineframe.tga
ASSIGN	0xBB5BA3	Frame: 
ASSIGN	0xBB5C30	VP Quality: 
ASSIGN	0xBB5DB9	Draw: 
ASSIGN	0xBB5E52	GPU: 
ASSIGN	0xCB07C4	historyinactivebutton.tga
ASSIGN	0xCB07C4	splinevertex.tga
ASSIGN	0xCB07C4	splineline.tga
ASSIGN	0xCB07C4	listboxmenu.tga
ASSIGN	0xCB07C4	exportusd.tga
ASSIGN	0xCB07C4	exportgltf.tga
ASSIGN	0xCB07C4	exportviewer.tga
ASSIGN	0xCB07C4	exportfbx.tga
ASSIGN	0xCB07C4	exportobj.tga
ASSIGN	0xCB07C4	exportdae.tga
ASSIGN	0xCB07C4	exportbundle.tga
ASSIGN	0xCB07C4	confirm.tga
ASSIGN	0xCB07C4	cancel.tga
ASSIGN	0xCB07C4	ignore.tga
ASSIGN	0xCB07C4	reset.tga
ASSIGN	0xCB07C4	inputrecorderframe.tga
ASSIGN	0xCB07C4	inputrecorderhover.tga
ASSIGN	0xCB07C4	inputrecorderrecord.tga
ASSIGN	0xCB07C4	brusheditortablet.tga
ASSIGN	0xCB07C4	brusheditordynamicsoff.tga
ASSIGN	0xCB07C4	brusheditortilt.tga
ASSIGN	0xCB07C4	brusheditorfade.tga
ASSIGN	0xCB07C4	windowframefull.tga
ASSIGN	0xCB07C4	invert_on.tga
ASSIGN	0xCB07C4	linkuvscale_on.tga
ASSIGN	0xC896D	Select From: 
ASSIGN	0x18A5FB	Smudge Over: 
ASSIGN	0xCB07C4	locatorheader.tga
ASSIGN	0xCB07C4	locatordivider.tga
ASSIGN	0xCB07C4	locatoraction.tga
ASSIGN	0xCB07C4	locatorfolder.tga
ASSIGN	0xCB07C4	locatordownload.tga
ASSIGN	0xCB07C4	splinetangent.tga
ASSIGN	0xCB07C4	splinetangent_hover.tga
ASSIGN	0xCB07C4	splinetangent_selected.tga
ASSIGN	0xCB07C4	splinevertex_hover.tga
ASSIGN	0xCB07C4	splinevertex_selected.tga
ASSIGN	0xCB07C4	beziersharpen.tga
ASSIGN	0xCB07C4	beziersmooth.tga
ASSIGN	0xCB07C4	beziermirrorangle_on.tga
ASSIGN	0xCB07C4	beziermirrorpos_on.tga
ASSIGN	0xCB07C4	bezierlimits_on.tga
ASSIGN	0xCB07C4	beziersnap_on.tga
ASSIGN	0xCB07C4	workspacebarbg.tga
ASSIGN	0xCB07C4	workspacetabselectorbutton.tga
ASSIGN	0xCB07C4	workspacetabselectorbuttonpressed.tga
ASSIGN	0xCB07C4	workspacetabselectorbuttonhover.tga
ASSIGN	0xCB07C4	tabselectorbutton.tga
ASSIGN	0xCB07C4	tabselectorbuttonpressed.tga
ASSIGN	0xCB07C4	tabselectorbuttonhover.tga
ASSIGN	0xCB07C4	scrolltableft.tga
ASSIGN	0xCB07C4	scrolltabright.tga
ASSIGN	0xCB07C4	console.tga
ASSIGN	0xCB07C4	progressbar.tga
ASSIGN	0xCB07C4	progressbarpaused.tga
ASSIGN	0xCB07C4	progressbarframe.tga
ASSIGN	0xCB07C4	toolbarbg.tga
ASSIGN	0x7286B1	SPARSE_BUFFER_SIZE
ASSIGN	0xCB07C4	toolbarraster.tga
ASSIGN	0xCB07C4	toolbarhybrid.tga
ASSIGN	0xCB07C4	toolbarrt.tga
ASSIGN	0xCB07C4	toolbartransform.tga
ASSIGN	0xCB07C4	toolbarselect.tga
ASSIGN	0xCB07C4	toolbartranslate.tga
ASSIGN	0xCB07C4	toolbarrotate.tga
ASSIGN	0xCB07C4	toolbarscale.tga
ASSIGN	0xCB07C4	toolbarselectmarquee.tga
ASSIGN	0xCB07C4	toolbarselectcircle.tga
ASSIGN	0xCB07C4	toolbarselectpoly.tga
ASSIGN	0xCB07C4	toolbarselectlasso.tga
ASSIGN	0xCB07C4	toolbarseparator.tga
ASSIGN	0x3EBBC8	MATERIAL_BINDING_UNIFORM
ASSIGN	0xCB07C4	windowcolumnbg.tga
ASSIGN	0xCB07C4	rowdivider.tga
ASSIGN	0xCB07C4	columnexpandright.tga
ASSIGN	0xCB07C4	columnexpandleft.tga
ASSIGN	0xCB07C4	windowrowbg.tga
ASSIGN	0xCB07C4	grabhandle.tga
ASSIGN	0xCB07C4	windowstackundock.tga
ASSIGN	0xCB07C4	viewportseparator.tga
ASSIGN	0xCB07C4	viewportcamera.tga
ASSIGN	0xCB07C4	viewportlistboxbackground.tga
ASSIGN	0xCB07C4	viewportlistboxhover.tga
ASSIGN	0xCB07C4	viewportoptions.tga
ASSIGN	0xCB07C4	viewportsplit.tga
ASSIGN	0xCB07C4	viewportsplitvert.tga
ASSIGN	0xCB07C4	viewportsplithorz.tga
ASSIGN	0xCB07C4	deletecustomanimation.tga
ASSIGN	0xCB07C4	viewportmaximize.tga
ASSIGN	0xCB07C4	viewportundock.tga
ASSIGN	0xCB07C4	viewportactive.tga
ASSIGN	0xCB07C4	viewportprogressframe.tga
ASSIGN	0xCB07C4	viewportprogressdone.tga
ASSIGN	0xCB07C4	viewportprogressflash.tga
ASSIGN	0xCB07C4	viewportprogressbar.tga
ASSIGN	0xCB07C4	dockseparatorhandle.tga
ASSIGN	0xCB07C4	viewportseparatorsnap.tga
ASSIGN	0x52275A	SINGLE_PASS
ASSIGN	0xCB07C4	canvassplinemode.tga
ASSIGN	0xCB07C4	browserfilter0.tga
ASSIGN	0xCB07C4	browserfilter1.tga
ASSIGN	0xCB07C4	browserfilter2.tga
ASSIGN	0xCB07C4	browserfilter3.tga
ASSIGN	0xCB07C4	browserfilter4.tga
ASSIGN	0xCB07C4	browserfilter5.tga
ASSIGN	0xCB07C4	browserfilter6.tga
ASSIGN	0xCB07C4	browserfilter7.tga
ASSIGN	0xCB07C4	browserroot.tga
ASSIGN	0xCB07C4	browserback.tga
ASSIGN	0xCB07C4	browserforward.tga
ASSIGN	0xCB07C4	browserup.tga
ASSIGN	0xCB07C4	browserfoldernew.tga
ASSIGN	0xCB07C4	browserfolderdelete.tga
ASSIGN	0xCB07C4	browserdownload.tga
ASSIGN	0xCB07C4	browseropen.tga
ASSIGN	0xCB07C4	browserdelete.tga
ASSIGN	0xCB07C4	outlineicongroupsecondary.tga
ASSIGN	0xCB07C4	browserfilterfirst.tga
ASSIGN	0xCB07C4	browserfilterthird.tga
ASSIGN	0xCB07C4	browserfilterlocal.tga
ASSIGN	0xCB07C4	browserfilterdownload.tga
ASSIGN	0xCB07C4	browserfilterupdate.tga
ASSIGN	0xCB07C4	browserfilterscene.tga
ASSIGN	0xCB07C4	browserfilterseparator.tga
ASSIGN	0xCB07C4	browserfilterhover.tga
ASSIGN	0x571D4A	No Results. Clear Filters?
ASSIGN	0x1B4D82	INIT_MERGE
ASSIGN	0x1B4E3F	LAYER_MASK
ASSIGN	0x1B4EFA	SPARSE_LAYER_MASK
ASSIGN	0x1B5038	LAYER_BLEND
ASSIGN	0x1B519A	TRANSFERPAINTTOOL_COMPOSITE
ASSIGN	0x1B5254	USE_PIXEL_MASK
ASSIGN	0x1B53C8	SRC_BORDERS
ASSIGN	0x1B5482	DEST_BORDERS
ASSIGN	0x1B553C	NEED_UVUP
ASSIGN	0x18CEC5	CURRENT_LAYER
ASSIGN	0x18CF8E	SMUDGE_STROKE_ALPHA
ASSIGN	0x18D0B9	SMUDGE_MERGE
ASSIGN	0x10ACA18	toolbag5
ASSIGN	0x10ACA38	account.marmoset.co
ASSIGN	0x7AE956	library.marmoset.co
ASSIGN	0xCA2B3B	MSETLIBRARY
ASSIGN	0xCA2B3B	MSETUSERLIBRARY
ASSIGN	0xCB07C4	guirootbg.tga
ASSIGN	0xCB07C4	frameborder.tga
ASSIGN	0xCB07C4	windowbg.tga
ASSIGN	0xCB07C4	guirootedge.tga
ASSIGN	0xCB07C4	tabselectorbg.tga
ASSIGN	0xCB07C4	guirootdisabled.tga
ASSIGN	0xCB07C4	hovervalid.tga
ASSIGN	0xCB07C4	hoverinvalid.tga
ASSIGN	0xCB07C4	dockseparator.tga
ASSIGN	0xCB07C4	editorframe.tga
ASSIGN	0xCB07C4	windowframe.tga
ASSIGN	0xCB07C4	drawertitleframeopen1.tga
ASSIGN	0xCB07C4	drawertitleframeopen2.tga
ASSIGN	0xCB07C4	drawertitleframeopen3.tga
ASSIGN	0xCB07C4	drawertitleframeclosed1.tga
ASSIGN	0xCB07C4	drawertitleframeclosed2.tga
ASSIGN	0xCB07C4	drawertitleframeclosed3.tga
ASSIGN	0xCB07C4	drawerbuttonopen1.tga
ASSIGN	0xCB07C4	drawerbuttonopen2.tga
ASSIGN	0xCB07C4	drawerbuttonopen3.tga
ASSIGN	0xCB07C4	drawerbuttonclosed1.tga
ASSIGN	0xCB07C4	drawerbuttonclosed2.tga
ASSIGN	0xCB07C4	drawerbuttonclosed3.tga
ASSIGN	0xCB07C4	drawerbg1.tga
ASSIGN	0xCB07C4	drawerbg2.tga
ASSIGN	0xCB07C4	drawerbg3.tga
ASSIGN	0xCB07C4	drawerdisabledbg.tga
ASSIGN	0xCB07C4	checkbox.tga
ASSIGN	0xCB07C4	checkboxchecked.tga
ASSIGN	0xCB07C4	checkboxmixed.tga
ASSIGN	0xCB07C4	checkboxhover.tga
ASSIGN	0xCB07C4	checkboxhoverchecked.tga
ASSIGN	0xCB07C4	checkboxhovermixed.tga
ASSIGN	0xCB07C4	checkboxpress.tga
ASSIGN	0xCB07C4	checkboxpresschecked.tga
ASSIGN	0xCB07C4	checkboxpressmixed.tga
ASSIGN	0xCB07C4	listboxarrow.tga
ASSIGN	0xCB07C4	menuframe.tga
ASSIGN	0xCB07C4	menuhighlight.tga
ASSIGN	0xCB07C4	menuseparator.tga
ASSIGN	0xCB07C4	menusubmenuicon.tga
ASSIGN	0xCB07C4	menucheckmark.tga
ASSIGN	0xCB07C4	menuhighlightclick.tga
ASSIGN	0xCB07C4	iconlistboxborder.tga
ASSIGN	0xCB07C4	button.tga
ASSIGN	0xCB07C4	buttonhover.tga
ASSIGN	0xCB07C4	textboxframe.tga
ASSIGN	0xCB07C4	textboxselection.tga
ASSIGN	0xCB07C4	buttonpressed.tga
ASSIGN	0xCB07C4	buttonminimal.tga
ASSIGN	0xCB07C4	buttonminimalhover.tga
ASSIGN	0xCB07C4	buttonminimalpressed.tga
ASSIGN	0xCB07C4	spinner.tga
ASSIGN	0xCB07C4	spinnerup.tga
ASSIGN	0xCB07C4	spinnerdown.tga
ASSIGN	0xCB07C4	spinneroverup.tga
ASSIGN	0xCB07C4	spinneroverdown.tga
ASSIGN	0xCB07C4	sliderframe.tga
ASSIGN	0xCB07C4	sliderknob.tga
ASSIGN	0xCB07C4	sliderknobhover.tga
ASSIGN	0xCB07C4	scrollframe.tga
ASSIGN	0xCB07C4	scrollgutter.tga
ASSIGN	0xCB07C4	scrollbar.tga
ASSIGN	0xCB07C4	scrollbuttonup.tga
ASSIGN	0xCB07C4	scrollbuttonuppressed.tga
ASSIGN	0xCB07C4	scrollbuttondown.tga
ASSIGN	0xCB07C4	scrollbuttondownpressed.tga
ASSIGN	0xAA41B4	.usdc
ASSIGN	0xAA41B4	.glb
ASSIGN	0xAA41B4	.mview
ASSIGN	0xAA41B4	.fbx
ASSIGN	0xAA41B4	.obj
ASSIGN	0xAA41B4	.dae
ASSIGN	0xAA41B4	.tbscene
ASSIGN	0x12615B	material_surfNormal_normalMap
ASSIGN	0xCB07C4	textureboxempty.tga
ASSIGN	0xCB07C4	textureboxudimoverlay.tga
ASSIGN	0xCB07C4	textureboxmixed.tga
ASSIGN	0xCB07C4	imageboxframe.tga
ASSIGN	0xCB07C4	textureboxoptions.tga
ASSIGN	0xCB07C4	textureboxpreview.tga
ASSIGN	0xCB07C4	bakerpreviewoutput.tga
ASSIGN	0xCB07C4	textureboxedit.tga
ASSIGN	0xCB07C4	textureboxreload.tga
ASSIGN	0xCB07C4	textureboxclear.tga
ASSIGN	0x4C9368	material_surfNormal_scaleBias
ASSIGN	0x4C9368	material_surfNormal_flipX
ASSIGN	0x4C9368	material_surfNormal_flipY
ASSIGN	0x4C9368	material_surfNormal_flipZ
ASSIGN	0x4C9368	material_surfNormal_genZ
ASSIGN	0x4C9368	material_surfNormal_objectSpace
ASSIGN	0x12615B	material_microsurface_roughnessMap
ASSIGN	0x126E55	material_microsurface_roughnessMapChannel
ASSIGN	0x40A589	material_microsurface_roughness
ASSIGN	0x4C9346	Invert;roughness
ASSIGN	0x4C9368	material_microsurface_roughnessInvert
ASSIGN	0x12615B	material_albedo_albedo
ASSIGN	0xCD2BBD	material_albedo_color
ASSIGN	0xCB07C4	colorpickerwell.tga
ASSIGN	0xCB07C4	colorpickermixed.tga
ASSIGN	0xCB07C4	colorpickermixedgray.tga
ASSIGN	0x12615B	material_reflMetalness_metalnessMap
ASSIGN	0x126E55	material_reflMetalness_channel
ASSIGN	0x40A589	material_reflMetalness_metalness
ASSIGN	0x4C9368	material_reflMetalness_invert
ASSIGN	0x126E55	material_texture_uv_channel
ASSIGN	0x40A589	material_texture_tile
ASSIGN	0x40A589	material_texture_tileU
ASSIGN	0x40A589	material_texture_offsetU
ASSIGN	0x40A589	material_texture_tileV
ASSIGN	0x40A589	material_texture_offsetV
ASSIGN	0x40A589	material_texture_rotation
ASSIGN	0x126E55	material_texture_wrap
ASSIGN	0x126E55	material_texture_aniso
ASSIGN	0x4C9368	material_texture_filter
ASSIGN	0x3EB0CB	MATERIAL_LAYER_COUNT
ASSIGN	0xCE6E54	MATERIAL_PASS_PREPASS
ASSIGN	0xCDE033	MATERIAL_TEXTURE_MODE_UV
ASSIGN	0x158305	MATERIAL_LAYERING_MODE_NONE
ASSIGN	0xCE6E54	MATERIAL_PASS_PREPASS_RT
ASSIGN	0xCE6E54	MATERIAL_PASS_PREPASS_RTAO
ASSIGN	0xCE6E54	MATERIAL_PASS_PREPASS_HYBRID
ASSIGN	0xCE6E54	MATERIAL_PASS_PREPASS_COMPONENTVIEW
ASSIGN	0xCE6E54	MATERIAL_PASS_LIGHT
ASSIGN	0xCE6E54	MATERIAL_PASS_SHADOWMAP
ASSIGN	0xCE6E54	MATERIAL_PASS_SHADOWMAP_COMPONENTVIEW
ASSIGN	0xCE6E54	MATERIAL_PASS_SCATTER
ASSIGN	0x6AD7F	GGX_IMPORTANCE_SAMPLES
ASSIGN	0xCE6E54	MATERIAL_PASS_COMPONENTVIEW
ASSIGN	0xCE6E54	MATERIAL_PASS_VELOCITY
ASSIGN	0xCE6E54	MATERIAL_PASS_RT_PRIMARYHIT
ASSIGN	0xCE6E54	MATERIAL_PASS_RT_PRIMARYHIT_RASTER
ASSIGN	0xCE6E54	MATERIAL_PASS_RT_SECONDARYHIT
ASSIGN	0xCE6E54	MATERIAL_PASS_HYBRID_LIGHT_SAMPLE
ASSIGN	0xCE6E54	MATERIAL_PASS_HYBRID_PRIMARYHIT
ASSIGN	0xCE6E54	MATERIAL_PASS_HYBRID_SPATIALHASHDEBUG
ASSIGN	0xCE6E54	MATERIAL_PASS_HYBRID_INDIRECT
ASSIGN	0xCE6E54	MATERIAL_PASS_DEFORM
ASSIGN	0xCE6E54	MATERIAL_PASS_PAINT
ASSIGN	0xCCB186	TRANSFORMUV_ORDER_PAINT
ASSIGN	0xCE6E54	MATERIAL_PASS_EXPORT
ASSIGN	0x6AD7F	MATERIAL_TEXTURE_NOMIPS
ASSIGN	0xCE6E54	MATERIAL_PASS_BAKE
ASSIGN	0xCE6E54	MATERIAL_PASS_RENDERTOTEXTURE
ASSIGN	0xCE6E54	MATERIAL_PASS_COLOR_SAMPLE
ASSIGN	0xC57013	PREPASS_MINIMAL
ASSIGN	0xD5F5C3	OUTPUT_SECONDARY
ASSIGN	0x7AEC29	index.json
ASSIGN	0xCB07C4	iconlistbox.tga
ASSIGN	0xCB07C4	iconlistboxhover.tga
ASSIGN	0xCB07C4	layeropacitylinkoff.tga
ASSIGN	0xCB07C4	layeropacitylinkabsolute.tga
ASSIGN	0xCB07C4	layernewpaint.tga
ASSIGN	0xCB07C4	layernewfill.tga
ASSIGN	0xCB07C4	layernewspline.tga
ASSIGN	0xCB07C4	layernewdecal.tga
ASSIGN	0xCB07C4	layernewadjustment.tga
ASSIGN	0xCB07C4	layernewprocessor.tga
ASSIGN	0xCB07C4	layernewprocedural.tga
ASSIGN	0xCB07C4	layeraddmask.tga
ASSIGN	0xCB07C4	materialduplicate.tga
ASSIGN	0xCB07C4	materialgroupnew.tga
ASSIGN	0xCB07C4	materialcarvegroupnew.tga
ASSIGN	0xCB07C4	delete.tga
ASSIGN	0xCB07C4	materialpalettebg.tga
ASSIGN	0xCB07C4	syncpointnew.tga
ASSIGN	0xCB07C4	syncpointrefresh.tga
ASSIGN	0xCB07C4	syncpointsettings.tga
ASSIGN	0xCB07C4	materialpropbg.tga
ASSIGN	0xAF0A8E	Imported_Default
ASSIGN	0x29AC3E	ACCUMULATE_DEPTH
ASSIGN	0x29ADF3	ACCUMULATE_FEATURES
ASSIGN	0x497FC7	AREA_SHADOWS
ASSIGN	0x497EAD	SPOT_SHADOWS
ASSIGN	0x6AD7F	FOG_IBL
ASSIGN	0x6AD7F	FOG_DIR
ASSIGN	0x33D1F8	FOG_SHADOWS
ASSIGN	0x6AD7F	FOG_SPOT
ASSIGN	0x33D30E	FOG_OMNI
ASSIGN	0x3383CA	DOF_ALPHA
ASSIGN	0x47A605	COMPOSITE_DUAL
ASSIGN	0xD06516	BLOOM_SAMPLES 64
ASSIGN	0xCB07C4	materialgroupframe.tga
ASSIGN	0xCB07C4	materialgroupframeselected.tga
ASSIGN	0xCB07C4	materialgroupframehover.tga
ASSIGN	0xCB07C4	materialgroupexpand.tga
ASSIGN	0xCB07C4	materialgroupcollapse.tga
ASSIGN	0xCB07C4	materiallabel.tga
ASSIGN	0xCB07C4	materiallabelhover.tga
ASSIGN	0xCB07C4	materiallabelselected.tga
ASSIGN	0xCB07C4	materiallabelsmall.tga
ASSIGN	0xCB07C4	materiallabelhoversmall.tga
ASSIGN	0xCB07C4	materiallabelselectedsmall.tga
ASSIGN	0xCB07C4	materialunselected.tga
ASSIGN	0xCB07C4	materialhighlight.tga
ASSIGN	0xCB07C4	materialhighlightempty.tga
ASSIGN	0xCB07C4	materialhighlightsmall.tga
ASSIGN	0xCB07C4	materialhighlightemptysmall.tga
ASSIGN	0xCB07C4	materialtextboxframe.tga
ASSIGN	0xCB07C4	materialnew.tga
ASSIGN	0xCB07C4	materialpresets.tga
ASSIGN	0xCB07C4	materialapply.tga
ASSIGN	0xCB07C4	materialimport.tga
ASSIGN	0xCB07C4	materialexport.tga
ASSIGN	0xCB07C4	separator.tga
ASSIGN	0xCB07C4	menubar.tga
ASSIGN	0xCB07C4	menubarhover.tga
ASSIGN	0xCF67E3	Add Layer Mask 
ASSIGN	0xCB07C4	menutoolbagicon.tga
ASSIGN	0xCB07C4	menubarmaximize.tga
ASSIGN	0xCB07C4	menubarrestore.tga
ASSIGN	0xCB07C4	menubarminimize.tga
ASSIGN	0xCB07C4	menubarclose.tga
ASSIGN	0xCB07C4	scenenewmodel.tga
ASSIGN	0xCB07C4	scenenewlight.tga
ASSIGN	0xCB07C4	scenenewcamera.tga
ASSIGN	0xCB07C4	scenenewfog.tga
ASSIGN	0xCB07C4	scenenewbaker.tga
ASSIGN	0xCB07C4	scenenewpaintproject.tga
ASSIGN	0xCB07C4	scenepresent.tga
ASSIGN	0xCB07C4	scenegroup.tga
ASSIGN	0xCB07C4	sceneduplicate.tga
ASSIGN	0xCB07C4	browsersearch.tga
ASSIGN	0xCB07C4	browsertagclose.tga
ASSIGN	0xCB07C4	filter.tga
ASSIGN	0xCB07C4	outlinebackground.tga
ASSIGN	0xCB07C4	outlinevertical.tga
ASSIGN	0xCB07C4	outlinehorizontal.tga
ASSIGN	0xCB07C4	outlinehorizontalnoroot.tga
ASSIGN	0xCB07C4	outlinegroupopen.tga
ASSIGN	0xCB07C4	outlinegroupclosed.tga
ASSIGN	0xCB07C4	outlinehighlight.tga
ASSIGN	0xCB07C4	outlinehighlightempty.tga
ASSIGN	0xCB07C4	outlinehighlighthover.tga
ASSIGN	0xCB07C4	outlineseparator.tga
ASSIGN	0xCB07C4	outlinecolumn.tga
ASSIGN	0xCB07C4	outlinevisibility.tga
ASSIGN	0xCB07C4	outlinevisibilityhidden.tga
ASSIGN	0xCB07C4	outlinelockicon.tga
ASSIGN	0xCB07C4	outlineunlockicon.tga
ASSIGN	0xCB07C4	outlineiconmesh.tga
ASSIGN	0xCB07C4	outlineiconsubmesh.tga
ASSIGN	0xCB07C4	outlineicongroup.tga
ASSIGN	0xCB07C4	outlineicondocument.tga
ASSIGN	0xCB07C4	outlineiconsky.tga
ASSIGN	0xCB07C4	outlineiconlight.tga
ASSIGN	0xCB07C4	outlineiconcamera.tga
ASSIGN	0xCB07C4	outlineiconexternal.tga
ASSIGN	0xCB07C4	outlineiconfog.tga
ASSIGN	0xCB07C4	outlineiconbaker.tga
ASSIGN	0xCB07C4	outlineiconbakersrc.tga
ASSIGN	0xCB07C4	outlineiconbakerdst.tga
ASSIGN	0xCB07C4	outlineiconbakerdstcage.tga
ASSIGN	0xCB07C4	outlineiconrender.tga
ASSIGN	0xCB07C4	outlineiconbackdrop.tga
ASSIGN	0xCB07C4	outlineiconshadowcatcher.tga
ASSIGN	0xCB07C4	outlineiconturntable.tga
ASSIGN	0xCB07C4	outlineiconpaintproject.tga
ASSIGN	0xCB07C4	outlineiconhair.tga
ASSIGN	0xCB07C4	timestretchlefthandle.tga
ASSIGN	0xCB07C4	timestretchrighthandle.tga
ASSIGN	0xCB07C4	timestretchlefthandleclicked.tga
ASSIGN	0xCB07C4	timestretchrighthandleclicked.tga
ASSIGN	0xCB07C4	timestretchbackground.tga
ASSIGN	0xCB07C4	animationtimelineviewframe.tga
ASSIGN	0xCB07C4	animationtimelineviewframeborder.tga
ASSIGN	0xCB07C4	animationtimelineviewsecondsmarker.tga
ASSIGN	0xCB07C4	animationtimelineviewframesmarker.tga
ASSIGN	0xCB07C4	animationtimelineviewkeyedframesmarker.tga
ASSIGN	0xCB07C4	animationtimelineviewselectedkeyedframesmarker.tga
ASSIGN	0xCB07C4	animationtimelineviewframemarker.tga
ASSIGN	0xCB07C4	animationtimelineviewframeinterval.tga
ASSIGN	0xCB07C4	animationtimelineselectorframe.tga
ASSIGN	0xCB07C4	animationtimelineselectorrange.tga
ASSIGN	0xCB07C4	animationtimelineselectorlefthandle.tga
ASSIGN	0xCB07C4	animationtimelineselectorrighthandle.tga
ASSIGN	0xCB07C4	animationtimelineselectorlefthandleclicked.tga
ASSIGN	0xCB07C4	animationtimelineselectorrighthandleclicked.tga
ASSIGN	0xCB07C4	animationtimelineselectorsecondsmarker.tga
ASSIGN	0xCB07C4	animationplay.tga
ASSIGN	0xCB07C4	animationpause.tga
ASSIGN	0xCB07C4	timelineeditortrim.tga
ASSIGN	0xCB07C4	timelineeditorhomeframe.tga
ASSIGN	0xCB07C4	animationfirstframe.tga
ASSIGN	0xCB07C4	animationlastframe.tga
ASSIGN	0xCB07C4	animationpreviousframe.tga
ASSIGN	0xCB07C4	animationnextframe.tga
ASSIGN	0xCB07C4	animationpreviouskeyedframe.tga
ASSIGN	0xCB07C4	animationnextkeyedframe.tga
ASSIGN	0xCB07C4	animationautokey.tga
ASSIGN	0xCB07C4	animationzoomlink.tga
ASSIGN	0xCB07C4	animationloop.tga
ASSIGN	0xCB07C4	keyframescalerverticalhandle.tga
ASSIGN	0xCB07C4	keyframescalerhorizontalhandle.tga
ASSIGN	0xCB07C4	keyframescalercornerhandle.tga
ASSIGN	0xCB07C4	keyframescalerverticalhandleclicked.tga
ASSIGN	0xCB07C4	keyframescalerhorizontalhandleclicked.tga
ASSIGN	0xCB07C4	keyframescalercornerhandleclicked.tga
ASSIGN	0xCB07C4	keyframescalerbackground.tga
ASSIGN	0xCB07C4	keyframescalerborder.tga
ASSIGN	0xCB07C4	curveeditorframe.tga
ASSIGN	0xCB07C4	curveeditorframeborder.tga
ASSIGN	0xCB07C4	curveeditorsecondsmarker.tga
ASSIGN	0xCB07C4	curveeditorframesmarker.tga
ASSIGN	0xCB07C4	curveeditorplaybackline.tga
ASSIGN	0xCB07C4	curveeditortimestretchbackground.tga
ASSIGN	0xCB07C4	curveeditoremptybackground.tga
ASSIGN	0xCB07C4	curveeditoroutofboundsoverlay.tga
ASSIGN	0xCB07C4	curveeditortimescalelinebackgroundmask.tga
ASSIGN	0xCB07C4	animationoutlineiconproperty.tga
ASSIGN	0xCB07C4	animationoutlineiconmaterial.tga
ASSIGN	0xCB07C4	animationoutlineicongroup.tga
ASSIGN	0xCB07C4	curveeditorshowstacked.tga
ASSIGN	0xCB07C4	curveeditorshowoverlapped.tga
ASSIGN	0xCB07C4	animationblendstep.tga
ASSIGN	0xCB07C4	animationblendlinear.tga
ASSIGN	0xCB07C4	animationblendspline.tga
ASSIGN	0xCB07C4	animationblendsplinebreak.tga
ASSIGN	0xCB07C4	animationinsertkeyframes.tga
ASSIGN	0xCB07C4	animationdeletekeyframes.tga
ASSIGN	0xCB07C4	animationdeleteallkeyframes.tga
ASSIGN	0xCB07C4	curveeditorshowvalues.tga
ASSIGN	0xCB07C4	curveeditorautofit.tga
ASSIGN	0xCB07C4	curveeditorresetview.tga
ASSIGN	0xCB07C4	colorpickercursor.tga
ASSIGN	0xCB07C4	colorpickerhue.tga
ASSIGN	0xCB07C4	colorpickerslidercursor.tga
ASSIGN	0xCB07C4	togglescreensampler.tga
ASSIGN	0x52F256	GAMMA_ADJUSTMENT
ASSIGN	0xCB07C4	splineframe.tga
ASSIGN	0xBB5BA3	Frame: 
ASSIGN	0xBB5C30	VP Quality: 
ASSIGN	0xBB5DB9	Draw: 
ASSIGN	0xBB5E52	GPU: 
ASSIGN	0xCB07C4	historyinactivebutton.tga
ASSIGN	0xCB07C4	splinevertex.tga
ASSIGN	0xCB07C4	splineline.tga
ASSIGN	0xCB07C4	listboxmenu.tga
ASSIGN	0xCB07C4	exportusd.tga
ASSIGN	0xCB07C4	exportgltf.tga
ASSIGN	0xCB07C4	exportviewer.tga
ASSIGN	0xCB07C4	exportfbx.tga
ASSIGN	0xCB07C4	exportobj.tga
ASSIGN	0xCB07C4	exportdae.tga
ASSIGN	0xCB07C4	exportbundle.tga
ASSIGN	0xCB07C4	confirm.tga
ASSIGN	0xCB07C4	cancel.tga
ASSIGN	0xCB07C4	ignore.tga
ASSIGN	0xCB07C4	reset.tga
ASSIGN	0xCB07C4	inputrecorderframe.tga
ASSIGN	0xCB07C4	inputrecorderhover.tga
ASSIGN	0xCB07C4	inputrecorderrecord.tga
ASSIGN	0xCB07C4	brusheditortablet.tga
ASSIGN	0xCB07C4	brusheditordynamicsoff.tga
ASSIGN	0xCB07C4	brusheditortilt.tga
ASSIGN	0xCB07C4	brusheditorfade.tga
ASSIGN	0xCB07C4	windowframefull.tga
ASSIGN	0xCB07C4	invert_on.tga
ASSIGN	0xCB07C4	linkuvscale_on.tga
ASSIGN	0xC896D	Select From: 
ASSIGN	0x18A5FB	Smudge Over: 
ASSIGN	0xCB07C4	locatorheader.tga
ASSIGN	0xCB07C4	locatordivider.tga
ASSIGN	0xCB07C4	locatoraction.tga
ASSIGN	0xCB07C4	locatorfolder.tga
ASSIGN	0xCB07C4	locatordownload.tga
ASSIGN	0xCB07C4	splinetangent.tga
ASSIGN	0xCB07C4	splinetangent_hover.tga
ASSIGN	0xCB07C4	splinetangent_selected.tga
ASSIGN	0xCB07C4	splinevertex_hover.tga
ASSIGN	0xCB07C4	splinevertex_selected.tga
ASSIGN	0xCB07C4	beziersharpen.tga
ASSIGN	0xCB07C4	beziersmooth.tga
ASSIGN	0xCB07C4	beziermirrorangle_on.tga
ASSIGN	0xCB07C4	beziermirrorpos_on.tga
ASSIGN	0xCB07C4	bezierlimits_on.tga
ASSIGN	0xCB07C4	beziersnap_on.tga
ASSIGN	0xCB07C4	workspacebarbg.tga
ASSIGN	0xCB07C4	workspacetabselectorbutton.tga
ASSIGN	0xCB07C4	workspacetabselectorbuttonpressed.tga
ASSIGN	0xCB07C4	workspacetabselectorbuttonhover.tga
ASSIGN	0xCB07C4	tabselectorbutton.tga
ASSIGN	0xCB07C4	tabselectorbuttonpressed.tga
ASSIGN	0xCB07C4	tabselectorbuttonhover.tga
ASSIGN	0xCB07C4	scrolltableft.tga
ASSIGN	0xCB07C4	scrolltabright.tga
ASSIGN	0xCB07C4	console.tga
ASSIGN	0xCB07C4	progressbar.tga
ASSIGN	0xCB07C4	progressbarpaused.tga
ASSIGN	0xCB07C4	progressbarframe.tga
ASSIGN	0xCB07C4	toolbarbg.tga
ASSIGN	0x7286B1	SPARSE_BUFFER_SIZE
ASSIGN	0xCB07C4	toolbarraster.tga
ASSIGN	0xCB07C4	toolbarhybrid.tga
ASSIGN	0xCB07C4	toolbarrt.tga
ASSIGN	0xCB07C4	toolbartransform.tga
ASSIGN	0xCB07C4	toolbarselect.tga
ASSIGN	0xCB07C4	toolbartranslate.tga
ASSIGN	0xCB07C4	toolbarrotate.tga
ASSIGN	0xCB07C4	toolbarscale.tga
ASSIGN	0xCB07C4	toolbarselectmarquee.tga
ASSIGN	0xCB07C4	toolbarselectcircle.tga
ASSIGN	0xCB07C4	toolbarselectpoly.tga
ASSIGN	0xCB07C4	toolbarselectlasso.tga
ASSIGN	0xCB07C4	toolbarseparator.tga
ASSIGN	0x3EBBC8	MATERIAL_BINDING_UNIFORM
ASSIGN	0xCB07C4	windowcolumnbg.tga
ASSIGN	0xCB07C4	rowdivider.tga
ASSIGN	0xCB07C4	columnexpandright.tga
ASSIGN	0xCB07C4	columnexpandleft.tga
ASSIGN	0xCB07C4	windowrowbg.tga
ASSIGN	0xCB07C4	grabhandle.tga
ASSIGN	0xCB07C4	windowstackundock.tga
ASSIGN	0xCB07C4	viewportseparator.tga
ASSIGN	0xCB07C4	viewportcamera.tga
ASSIGN	0xCB07C4	viewportlistboxbackground.tga
ASSIGN	0xCB07C4	viewportlistboxhover.tga
ASSIGN	0xCB07C4	viewportoptions.tga
ASSIGN	0xCB07C4	viewportsplit.tga
ASSIGN	0xCB07C4	viewportsplitvert.tga
ASSIGN	0xCB07C4	viewportsplithorz.tga
ASSIGN	0xCB07C4	deletecustomanimation.tga
ASSIGN	0xCB07C4	viewportmaximize.tga
ASSIGN	0xCB07C4	viewportundock.tga
ASSIGN	0xCB07C4	viewportactive.tga
ASSIGN	0xCB07C4	viewportprogressframe.tga
ASSIGN	0xCB07C4	viewportprogressdone.tga
ASSIGN	0xCB07C4	viewportprogressflash.tga
ASSIGN	0xCB07C4	viewportprogressbar.tga
ASSIGN	0xCB07C4	dockseparatorhandle.tga
ASSIGN	0x52275A	SINGLE_PASS
ASSIGN	0xCB07C4	canvassplinemode.tga
ASSIGN	0xCB07C4	viewportseparatorsnap.tga
ASSIGN	0xCB07C4	browserfilter0.tga
ASSIGN	0xCB07C4	browserfilter1.tga
ASSIGN	0xCB07C4	browserfilter2.tga
ASSIGN	0xCB07C4	browserfilter3.tga
ASSIGN	0xCB07C4	browserfilter4.tga
ASSIGN	0xCB07C4	browserfilter5.tga
ASSIGN	0xCB07C4	browserfilter6.tga
ASSIGN	0xCB07C4	browserfilter7.tga
ASSIGN	0xCB07C4	browserroot.tga
ASSIGN	0xCB07C4	browserback.tga
ASSIGN	0xCB07C4	browserforward.tga
ASSIGN	0xCB07C4	browserup.tga
ASSIGN	0xCB07C4	browserfoldernew.tga
ASSIGN	0xCB07C4	browserfolderdelete.tga
ASSIGN	0xCB07C4	browserdownload.tga
ASSIGN	0xCB07C4	browseropen.tga
ASSIGN	0xCB07C4	browserdelete.tga
ASSIGN	0xCB07C4	outlineicongroupsecondary.tga
ASSIGN	0xCB07C4	browserfilterfirst.tga
ASSIGN	0xCB07C4	browserfilterthird.tga
ASSIGN	0xCB07C4	browserfilterlocal.tga
ASSIGN	0xCB07C4	browserfilterdownload.tga
ASSIGN	0xCB07C4	browserfilterupdate.tga
ASSIGN	0xCB07C4	browserfilterscene.tga
ASSIGN	0xCB07C4	browserfilterseparator.tga
ASSIGN	0xCB07C4	browserfilterhover.tga
ASSIGN	0x571D4A	No Results. Clear Filters?
ASSIGN	0x1B4D82	INIT_MERGE
ASSIGN	0x1B4E3F	LAYER_MASK
ASSIGN	0x1B4EFA	SPARSE_LAYER_MASK
ASSIGN	0x1B5038	LAYER_BLEND
ASSIGN	0x1B519A	TRANSFERPAINTTOOL_COMPOSITE
ASSIGN	0x1B5254	USE_PIXEL_MASK
ASSIGN	0x1B53C8	SRC_BORDERS
ASSIGN	0x1B5482	DEST_BORDERS
ASSIGN	0x1B553C	NEED_UVUP
ASSIGN	0x18CEC5	CURRENT_LAYER
ASSIGN	0x18CF8E	SMUDGE_STROKE_ALPHA
ASSIGN	0x18D0B9	SMUDGE_MERGE
ASSIGN	0x10ACA18	toolbag5
ASSIGN	0x10ACA38	account.marmoset.co
ASSIGN	0x7AE956	library.marmoset.co
ASSIGN	0xCA2B3B	MSETLIBRARY
ASSIGN	0xCA2B3B	MSETUSERLIBRARY
ASSIGN	0xCB07C4	guirootbg.tga
ASSIGN	0xCB07C4	frameborder.tga
ASSIGN	0xCB07C4	windowbg.tga
ASSIGN	0xCB07C4	guirootedge.tga
ASSIGN	0xCB07C4	tabselectorbg.tga
ASSIGN	0xCB07C4	guirootdisabled.tga
ASSIGN	0xCB07C4	hovervalid.tga
ASSIGN	0xCB07C4	hoverinvalid.tga
ASSIGN	0xCB07C4	dockseparator.tga
ASSIGN	0xCB07C4	editorframe.tga
ASSIGN	0xCB07C4	windowframe.tga
ASSIGN	0xCB07C4	drawertitleframeopen1.tga
ASSIGN	0xCB07C4	drawertitleframeopen2.tga
ASSIGN	0xCB07C4	drawertitleframeopen3.tga
ASSIGN	0xCB07C4	drawertitleframeclosed1.tga
ASSIGN	0xCB07C4	drawertitleframeclosed2.tga
ASSIGN	0xCB07C4	drawertitleframeclosed3.tga
ASSIGN	0xCB07C4	drawerbuttonopen1.tga
ASSIGN	0xCB07C4	drawerbuttonopen2.tga
ASSIGN	0xCB07C4	drawerbuttonopen3.tga
ASSIGN	0xCB07C4	drawerbuttonclosed1.tga
ASSIGN	0xCB07C4	drawerbuttonclosed2.tga
ASSIGN	0xCB07C4	drawerbuttonclosed3.tga
ASSIGN	0xCB07C4	drawerbg1.tga
ASSIGN	0xCB07C4	drawerbg2.tga
ASSIGN	0xCB07C4	drawerbg3.tga
ASSIGN	0xCB07C4	drawerdisabledbg.tga
ASSIGN	0xCB07C4	checkbox.tga
ASSIGN	0xCB07C4	checkboxchecked.tga
ASSIGN	0xCB07C4	checkboxmixed.tga
ASSIGN	0xCB07C4	checkboxhover.tga
ASSIGN	0xCB07C4	checkboxhoverchecked.tga
ASSIGN	0xCB07C4	checkboxhovermixed.tga
ASSIGN	0xCB07C4	checkboxpress.tga
ASSIGN	0xCB07C4	checkboxpresschecked.tga
ASSIGN	0xCB07C4	checkboxpressmixed.tga
ASSIGN	0xCB07C4	listboxarrow.tga
ASSIGN	0xCB07C4	menuframe.tga
ASSIGN	0xCB07C4	menuhighlight.tga
ASSIGN	0xCB07C4	menuseparator.tga
ASSIGN	0xCB07C4	menusubmenuicon.tga
ASSIGN	0xCB07C4	menucheckmark.tga
ASSIGN	0xCB07C4	menuhighlightclick.tga
ASSIGN	0xCB07C4	iconlistboxborder.tga
ASSIGN	0xCB07C4	button.tga
ASSIGN	0xCB07C4	buttonhover.tga
ASSIGN	0xCB07C4	textboxframe.tga
ASSIGN	0xCB07C4	textboxselection.tga
ASSIGN	0xCB07C4	buttonpressed.tga
ASSIGN	0xCB07C4	buttonminimal.tga
ASSIGN	0xCB07C4	buttonminimalhover.tga
ASSIGN	0xCB07C4	buttonminimalpressed.tga
ASSIGN	0xCB07C4	spinner.tga
ASSIGN	0xCB07C4	spinnerup.tga
ASSIGN	0xCB07C4	spinnerdown.tga
ASSIGN	0xCB07C4	spinneroverup.tga
ASSIGN	0xCB07C4	spinneroverdown.tga
ASSIGN	0xCB07C4	sliderframe.tga
ASSIGN	0xCB07C4	sliderknob.tga
ASSIGN	0xCB07C4	sliderknobhover.tga
ASSIGN	0xCB07C4	scrollframe.tga
ASSIGN	0xCB07C4	scrollgutter.tga
ASSIGN	0xCB07C4	scrollbar.tga
ASSIGN	0xCB07C4	scrollbuttonup.tga
ASSIGN	0xCB07C4	scrollbuttonuppressed.tga
ASSIGN	0xCB07C4	scrollbuttondown.tga
ASSIGN	0xCB07C4	scrollbuttondownpressed.tga
ASSIGN	0xAA41B4	.usdc
ASSIGN	0xAA41B4	.glb
ASSIGN	0xAA41B4	.mview
ASSIGN	0xAA41B4	.fbx
ASSIGN	0xAA41B4	.obj
ASSIGN	0xAA41B4	.dae
ASSIGN	0xAA41B4	.tbscene
ASSIGN	0x12615B	material_surfNormal_normalMap
ASSIGN	0xCB07C4	textureboxempty.tga
ASSIGN	0xCB07C4	textureboxudimoverlay.tga
ASSIGN	0xCB07C4	textureboxmixed.tga
ASSIGN	0xCB07C4	imageboxframe.tga
ASSIGN	0xCB07C4	textureboxoptions.tga
ASSIGN	0xCB07C4	textureboxpreview.tga
ASSIGN	0xCB07C4	bakerpreviewoutput.tga
ASSIGN	0xCB07C4	textureboxedit.tga
ASSIGN	0xCB07C4	textureboxreload.tga
ASSIGN	0xCB07C4	textureboxclear.tga
ASSIGN	0x4C9368	material_surfNormal_scaleBias
ASSIGN	0x4C9368	material_surfNormal_flipX
ASSIGN	0x4C9368	material_surfNormal_flipY
ASSIGN	0x4C9368	material_surfNormal_flipZ
ASSIGN	0x4C9368	material_surfNormal_genZ
ASSIGN	0x4C9368	material_surfNormal_objectSpace
ASSIGN	0x12615B	material_microsurface_roughnessMap
ASSIGN	0x126E55	material_microsurface_roughnessMapChannel
ASSIGN	0x40A589	material_microsurface_roughness
ASSIGN	0x4C9346	Invert;roughness
ASSIGN	0x4C9368	material_microsurface_roughnessInvert
ASSIGN	0x12615B	material_albedo_albedo
ASSIGN	0xCD2BBD	material_albedo_color
ASSIGN	0xCB07C4	colorpickerwell.tga
ASSIGN	0xCB07C4	colorpickermixed.tga
ASSIGN	0xCB07C4	colorpickermixedgray.tga
ASSIGN	0x12615B	material_reflMetalness_metalnessMap
ASSIGN	0x126E55	material_reflMetalness_channel
ASSIGN	0x40A589	material_reflMetalness_metalness
ASSIGN	0x4C9368	material_reflMetalness_invert
ASSIGN	0x126E55	material_texture_uv_channel
ASSIGN	0x40A589	material_texture_tile
ASSIGN	0x40A589	material_texture_tileU
ASSIGN	0x40A589	material_texture_offsetU
ASSIGN	0x40A589	material_texture_tileV
ASSIGN	0x40A589	material_texture_offsetV
ASSIGN	0x40A589	material_texture_rotation
ASSIGN	0x126E55	material_texture_wrap
ASSIGN	0x126E55	material_texture_aniso
ASSIGN	0x4C9368	material_texture_filter
ASSIGN	0x3EB0CB	MATERIAL_LAYER_COUNT
ASSIGN	0xCE6E54	MATERIAL_PASS_PREPASS
ASSIGN	0xCDE033	MATERIAL_TEXTURE_MODE_UV
ASSIGN	0x158305	MATERIAL_LAYERING_MODE_NONE
ASSIGN	0xCE6E54	MATERIAL_PASS_PREPASS_RT
ASSIGN	0xCE6E54	MATERIAL_PASS_PREPASS_RTAO
ASSIGN	0xCE6E54	MATERIAL_PASS_PREPASS_HYBRID
ASSIGN	0xCE6E54	MATERIAL_PASS_PREPASS_COMPONENTVIEW
ASSIGN	0xCE6E54	MATERIAL_PASS_LIGHT
ASSIGN	0xCE6E54	MATERIAL_PASS_SHADOWMAP
ASSIGN	0xCE6E54	MATERIAL_PASS_SHADOWMAP_COMPONENTVIEW
ASSIGN	0xCE6E54	MATERIAL_PASS_SCATTER
ASSIGN	0x6AD7F	GGX_IMPORTANCE_SAMPLES
ASSIGN	0xCE6E54	MATERIAL_PASS_COMPONENTVIEW
ASSIGN	0xCE6E54	MATERIAL_PASS_VELOCITY
ASSIGN	0xCE6E54	MATERIAL_PASS_RT_PRIMARYHIT
ASSIGN	0xCE6E54	MATERIAL_PASS_RT_PRIMARYHIT_RASTER
ASSIGN	0xCE6E54	MATERIAL_PASS_RT_SECONDARYHIT
ASSIGN	0xCE6E54	MATERIAL_PASS_HYBRID_LIGHT_SAMPLE
ASSIGN	0xCE6E54	MATERIAL_PASS_HYBRID_PRIMARYHIT
ASSIGN	0xCE6E54	MATERIAL_PASS_HYBRID_SPATIALHASHDEBUG
ASSIGN	0xCE6E54	MATERIAL_PASS_HYBRID_INDIRECT
ASSIGN	0xCE6E54	MATERIAL_PASS_DEFORM
ASSIGN	0xCE6E54	MATERIAL_PASS_PAINT
ASSIGN	0xCCB186	TRANSFORMUV_ORDER_PAINT
ASSIGN	0xCE6E54	MATERIAL_PASS_EXPORT
ASSIGN	0x6AD7F	MATERIAL_TEXTURE_NOMIPS
ASSIGN	0xCE6E54	MATERIAL_PASS_BAKE
ASSIGN	0xCE6E54	MATERIAL_PASS_RENDERTOTEXTURE
ASSIGN	0xCE6E54	MATERIAL_PASS_COLOR_SAMPLE
ASSIGN	0xC57013	PREPASS_MINIMAL
ASSIGN	0xD5F5C3	OUTPUT_SECONDARY
ASSIGN	0x7AEC29	index.json
ASSIGN	0xCB07C4	iconlistbox.tga
ASSIGN	0xCB07C4	iconlistboxhover.tga
ASSIGN	0xCB07C4	layeropacitylinkoff.tga
ASSIGN	0xCB07C4	layeropacitylinkabsolute.tga
ASSIGN	0xCB07C4	layernewpaint.tga
ASSIGN	0xCB07C4	layernewfill.tga
ASSIGN	0xCB07C4	layernewspline.tga
ASSIGN	0xCB07C4	layernewdecal.tga
ASSIGN	0xCB07C4	layernewadjustment.tga
ASSIGN	0xCB07C4	layernewprocessor.tga
ASSIGN	0xCB07C4	layernewprocedural.tga
ASSIGN	0xCB07C4	layeraddmask.tga
ASSIGN	0xCB07C4	materialduplicate.tga
ASSIGN	0xCB07C4	materialgroupnew.tga
ASSIGN	0xCB07C4	materialcarvegroupnew.tga
ASSIGN	0xCB07C4	delete.tga
ASSIGN	0xCB07C4	materialpalettebg.tga
ASSIGN	0xCB07C4	syncpointnew.tga
ASSIGN	0xCB07C4	syncpointrefresh.tga
ASSIGN	0xCB07C4	syncpointsettings.tga
ASSIGN	0xCB07C4	materialpropbg.tga
ASSIGN	0xAF0A8E	Imported_Default
ASSIGN	0x29AC3E	ACCUMULATE_DEPTH
ASSIGN	0x29ADF3	ACCUMULATE_FEATURES
ASSIGN	0x497FC7	AREA_SHADOWS
ASSIGN	0x497EAD	SPOT_SHADOWS
ASSIGN	0x6AD7F	FOG_IBL
ASSIGN	0x6AD7F	FOG_DIR
ASSIGN	0x33D1F8	FOG_SHADOWS
ASSIGN	0x6AD7F	FOG_SPOT
ASSIGN	0x33D30E	FOG_OMNI
ASSIGN	0x3383CA	DOF_ALPHA
ASSIGN	0x47A605	COMPOSITE_DUAL
ASSIGN	0xD06516	BLOOM_SAMPLES 64
ASSIGN	0xCB07C4	materialgroupframe.tga
ASSIGN	0xCB07C4	materialgroupframeselected.tga
ASSIGN	0xCB07C4	materialgroupframehover.tga
ASSIGN	0xCB07C4	materialgroupexpand.tga
ASSIGN	0xCB07C4	materialgroupcollapse.tga
ASSIGN	0xCB07C4	materiallabel.tga
ASSIGN	0xCB07C4	materiallabelhover.tga
ASSIGN	0xCB07C4	materiallabelselected.tga
ASSIGN	0xCB07C4	materiallabelsmall.tga
ASSIGN	0xCB07C4	materiallabelhoversmall.tga
ASSIGN	0xCB07C4	materiallabelselectedsmall.tga
ASSIGN	0xCB07C4	materialunselected.tga
ASSIGN	0xCB07C4	materialhighlight.tga
ASSIGN	0xCB07C4	materialhighlightempty.tga
ASSIGN	0xCB07C4	materialhighlightsmall.tga
ASSIGN	0xCB07C4	materialhighlightemptysmall.tga
ASSIGN	0xCB07C4	materialtextboxframe.tga
ASSIGN	0xCB07C4	materialnew.tga
ASSIGN	0xCB07C4	materialpresets.tga
ASSIGN	0xCB07C4	materialapply.tga
ASSIGN	0xCB07C4	materialimport.tga
ASSIGN	0xCB07C4	materialexport.tga
ASSIGN	0xCB07C4	separator.tga
ASSIGN	0xCB07C4	menubar.tga
ASSIGN	0xCB07C4	menubarhover.tga
ASSIGN	0xCF67E3	Add Layer Mask 
ASSIGN	0xCB07C4	menutoolbagicon.tga
ASSIGN	0xCB07C4	menubarmaximize.tga
ASSIGN	0xCB07C4	menubarrestore.tga
ASSIGN	0xCB07C4	menubarminimize.tga
ASSIGN	0xCB07C4	menubarclose.tga
ASSIGN	0xCB07C4	scenenewmodel.tga
ASSIGN	0xCB07C4	scenenewlight.tga
ASSIGN	0xCB07C4	scenenewcamera.tga
ASSIGN	0xCB07C4	scenenewfog.tga
ASSIGN	0xCB07C4	scenenewbaker.tga
ASSIGN	0xCB07C4	scenenewpaintproject.tga
ASSIGN	0xCB07C4	scenepresent.tga
ASSIGN	0xCB07C4	scenegroup.tga
ASSIGN	0xCB07C4	sceneduplicate.tga
ASSIGN	0xCB07C4	browsersearch.tga
ASSIGN	0xCB07C4	browsertagclose.tga
ASSIGN	0xCB07C4	filter.tga
ASSIGN	0xCB07C4	outlinebackground.tga
ASSIGN	0xCB07C4	outlinevertical.tga
ASSIGN	0xCB07C4	outlinehorizontal.tga
ASSIGN	0xCB07C4	outlinehorizontalnoroot.tga
ASSIGN	0xCB07C4	outlinegroupopen.tga
ASSIGN	0xCB07C4	outlinegroupclosed.tga
ASSIGN	0xCB07C4	outlinehighlight.tga
ASSIGN	0xCB07C4	outlinehighlightempty.tga
ASSIGN	0xCB07C4	outlinehighlighthover.tga
ASSIGN	0xCB07C4	outlineseparator.tga
ASSIGN	0xCB07C4	outlinecolumn.tga
ASSIGN	0xCB07C4	outlinevisibility.tga
ASSIGN	0xCB07C4	outlinevisibilityhidden.tga
ASSIGN	0xCB07C4	outlinelockicon.tga
ASSIGN	0xCB07C4	outlineunlockicon.tga
ASSIGN	0xCB07C4	outlineiconmesh.tga
ASSIGN	0xCB07C4	outlineiconsubmesh.tga
ASSIGN	0xCB07C4	outlineicongroup.tga
ASSIGN	0xCB07C4	outlineicondocument.tga
ASSIGN	0xCB07C4	outlineiconsky.tga
ASSIGN	0xCB07C4	outlineiconlight.tga
ASSIGN	0xCB07C4	outlineiconcamera.tga
ASSIGN	0xCB07C4	outlineiconexternal.tga
ASSIGN	0xCB07C4	outlineiconfog.tga
ASSIGN	0xCB07C4	outlineiconbaker.tga
ASSIGN	0xCB07C4	outlineiconbakersrc.tga
ASSIGN	0xCB07C4	outlineiconbakerdst.tga
ASSIGN	0xCB07C4	outlineiconbakerdstcage.tga
ASSIGN	0xCB07C4	outlineiconrender.tga
ASSIGN	0xCB07C4	outlineiconbackdrop.tga
ASSIGN	0xCB07C4	outlineiconshadowcatcher.tga
ASSIGN	0xCB07C4	outlineiconturntable.tga
ASSIGN	0xCB07C4	outlineiconpaintproject.tga
ASSIGN	0xCB07C4	outlineiconhair.tga
ASSIGN	0xCB07C4	timestretchlefthandle.tga
ASSIGN	0xCB07C4	timestretchrighthandle.tga
ASSIGN	0xCB07C4	timestretchlefthandleclicked.tga
ASSIGN	0xCB07C4	timestretchrighthandleclicked.tga
ASSIGN	0xCB07C4	timestretchbackground.tga
ASSIGN	0xCB07C4	animationtimelineviewframe.tga
ASSIGN	0xCB07C4	animationtimelineviewframeborder.tga
ASSIGN	0xCB07C4	animationtimelineviewsecondsmarker.tga
ASSIGN	0xCB07C4	animationtimelineviewframesmarker.tga
ASSIGN	0xCB07C4	animationtimelineviewkeyedframesmarker.tga
ASSIGN	0xCB07C4	animationtimelineviewselectedkeyedframesmarker.tga
ASSIGN	0xCB07C4	animationtimelineviewframemarker.tga
ASSIGN	0xCB07C4	animationtimelineviewframeinterval.tga
ASSIGN	0xCB07C4	animationtimelineselectorframe.tga
ASSIGN	0xCB07C4	animationtimelineselectorrange.tga
ASSIGN	0xCB07C4	animationtimelineselectorlefthandle.tga
ASSIGN	0xCB07C4	animationtimelineselectorrighthandle.tga
ASSIGN	0xCB07C4	animationtimelineselectorlefthandleclicked.tga
ASSIGN	0xCB07C4	animationtimelineselectorrighthandleclicked.tga
ASSIGN	0xCB07C4	animationtimelineselectorsecondsmarker.tga
ASSIGN	0xCB07C4	animationplay.tga
ASSIGN	0xCB07C4	animationpause.tga
ASSIGN	0xCB07C4	timelineeditortrim.tga
ASSIGN	0xCB07C4	timelineeditorhomeframe.tga
ASSIGN	0xCB07C4	animationfirstframe.tga
ASSIGN	0xCB07C4	animationlastframe.tga
ASSIGN	0xCB07C4	animationpreviousframe.tga
ASSIGN	0xCB07C4	animationnextframe.tga
ASSIGN	0xCB07C4	animationpreviouskeyedframe.tga
ASSIGN	0xCB07C4	animationnextkeyedframe.tga
ASSIGN	0xCB07C4	animationautokey.tga
ASSIGN	0xCB07C4	animationzoomlink.tga
ASSIGN	0xCB07C4	animationloop.tga
ASSIGN	0xCB07C4	keyframescalerverticalhandle.tga
ASSIGN	0xCB07C4	keyframescalerhorizontalhandle.tga
ASSIGN	0xCB07C4	keyframescalercornerhandle.tga
ASSIGN	0xCB07C4	keyframescalerverticalhandleclicked.tga
ASSIGN	0xCB07C4	keyframescalerhorizontalhandleclicked.tga
ASSIGN	0xCB07C4	keyframescalercornerhandleclicked.tga
ASSIGN	0xCB07C4	keyframescalerbackground.tga
ASSIGN	0xCB07C4	keyframescalerborder.tga
ASSIGN	0xCB07C4	curveeditorframe.tga
ASSIGN	0xCB07C4	curveeditorframeborder.tga
ASSIGN	0xCB07C4	curveeditorsecondsmarker.tga
ASSIGN	0xCB07C4	curveeditorframesmarker.tga
ASSIGN	0xCB07C4	curveeditorplaybackline.tga
ASSIGN	0xCB07C4	curveeditortimestretchbackground.tga
ASSIGN	0xCB07C4	curveeditoremptybackground.tga
ASSIGN	0xCB07C4	curveeditoroutofboundsoverlay.tga
ASSIGN	0xCB07C4	curveeditortimescalelinebackgroundmask.tga
ASSIGN	0xCB07C4	animationoutlineiconproperty.tga
ASSIGN	0xCB07C4	animationoutlineiconmaterial.tga
ASSIGN	0xCB07C4	animationoutlineicongroup.tga
ASSIGN	0xCB07C4	curveeditorshowstacked.tga
ASSIGN	0xCB07C4	curveeditorshowoverlapped.tga
ASSIGN	0xCB07C4	animationblendstep.tga
ASSIGN	0xCB07C4	animationblendlinear.tga
ASSIGN	0xCB07C4	animationblendspline.tga
ASSIGN	0xCB07C4	animationblendsplinebreak.tga
ASSIGN	0xCB07C4	animationinsertkeyframes.tga
ASSIGN	0xCB07C4	animationdeletekeyframes.tga
ASSIGN	0xCB07C4	animationdeleteallkeyframes.tga
ASSIGN	0xCB07C4	curveeditorshowvalues.tga
ASSIGN	0xCB07C4	curveeditorautofit.tga
ASSIGN	0xCB07C4	curveeditorresetview.tga
ASSIGN	0xCB07C4	colorpickercursor.tga
ASSIGN	0xCB07C4	colorpickerhue.tga
ASSIGN	0xCB07C4	colorpickerslidercursor.tga
ASSIGN	0xCB07C4	togglescreensampler.tga
ASSIGN	0x52F256	GAMMA_ADJUSTMENT
ASSIGN	0xCB07C4	splineframe.tga
ASSIGN	0xBB5BA3	Frame: 
ASSIGN	0xBB5C30	VP Quality: 
ASSIGN	0xBB5DB9	Draw: 
ASSIGN	0xBB5E52	GPU: 
ASSIGN	0xCB07C4	historyinactivebutton.tga
ASSIGN	0xCB07C4	splinevertex.tga
ASSIGN	0xCB07C4	splineline.tga
ASSIGN	0xCB07C4	listboxmenu.tga
ASSIGN	0xCB07C4	exportusd.tga
ASSIGN	0xCB07C4	exportgltf.tga
ASSIGN	0xCB07C4	exportviewer.tga
ASSIGN	0xCB07C4	exportfbx.tga
ASSIGN	0xCB07C4	exportobj.tga
ASSIGN	0xCB07C4	exportdae.tga
ASSIGN	0xCB07C4	exportbundle.tga
ASSIGN	0xCB07C4	confirm.tga
ASSIGN	0xCB07C4	cancel.tga
ASSIGN	0xCB07C4	ignore.tga
ASSIGN	0xCB07C4	reset.tga
ASSIGN	0xCB07C4	inputrecorderframe.tga
ASSIGN	0xCB07C4	inputrecorderhover.tga
ASSIGN	0xCB07C4	inputrecorderrecord.tga
ASSIGN	0xCB07C4	brusheditortablet.tga
ASSIGN	0xCB07C4	brusheditordynamicsoff.tga
ASSIGN	0xCB07C4	brusheditortilt.tga
ASSIGN	0xCB07C4	brusheditorfade.tga
ASSIGN	0xCB07C4	windowframefull.tga
ASSIGN	0xCB07C4	invert_on.tga
ASSIGN	0xCB07C4	linkuvscale_on.tga
ASSIGN	0xC896D	Select From: 
ASSIGN	0x18A5FB	Smudge Over: 
ASSIGN	0xCB07C4	locatorheader.tga
ASSIGN	0xCB07C4	locatordivider.tga
ASSIGN	0xCB07C4	locatoraction.tga
ASSIGN	0xCB07C4	locatorfolder.tga
ASSIGN	0xCB07C4	locatordownload.tga
ASSIGN	0xCB07C4	splinetangent.tga
ASSIGN	0xCB07C4	splinetangent_hover.tga
ASSIGN	0xCB07C4	splinetangent_selected.tga
ASSIGN	0xCB07C4	splinevertex_hover.tga
ASSIGN	0xCB07C4	splinevertex_selected.tga
ASSIGN	0xCB07C4	beziersharpen.tga
ASSIGN	0xCB07C4	beziersmooth.tga
ASSIGN	0xCB07C4	beziermirrorangle_on.tga
ASSIGN	0xCB07C4	beziermirrorpos_on.tga
ASSIGN	0xCB07C4	bezierlimits_on.tga
ASSIGN	0xCB07C4	beziersnap_on.tga
ASSIGN	0xCB07C4	workspacebarbg.tga
ASSIGN	0xCB07C4	workspacetabselectorbutton.tga
ASSIGN	0xCB07C4	workspacetabselectorbuttonpressed.tga
ASSIGN	0xCB07C4	workspacetabselectorbuttonhover.tga
ASSIGN	0xCB07C4	tabselectorbutton.tga
ASSIGN	0xCB07C4	tabselectorbuttonpressed.tga
ASSIGN	0xCB07C4	tabselectorbuttonhover.tga
ASSIGN	0xCB07C4	scrolltableft.tga
ASSIGN	0xCB07C4	scrolltabright.tga
ASSIGN	0xCB07C4	console.tga
ASSIGN	0xCB07C4	progressbar.tga
ASSIGN	0xCB07C4	progressbarpaused.tga
ASSIGN	0xCB07C4	progressbarframe.tga
ASSIGN	0xCB07C4	toolbarbg.tga
ASSIGN	0x7286B1	SPARSE_BUFFER_SIZE
ASSIGN	0xCB07C4	toolbarraster.tga
ASSIGN	0xCB07C4	toolbarhybrid.tga
ASSIGN	0xCB07C4	toolbarrt.tga
ASSIGN	0xCB07C4	toolbartransform.tga
ASSIGN	0xCB07C4	toolbarselect.tga
ASSIGN	0xCB07C4	toolbartranslate.tga
ASSIGN	0xCB07C4	toolbarrotate.tga
ASSIGN	0xCB07C4	toolbarscale.tga
ASSIGN	0xCB07C4	toolbarselectmarquee.tga
ASSIGN	0xCB07C4	toolbarselectcircle.tga
ASSIGN	0xCB07C4	toolbarselectpoly.tga
ASSIGN	0xCB07C4	toolbarselectlasso.tga
ASSIGN	0xCB07C4	toolbarseparator.tga
ASSIGN	0x3EBBC8	MATERIAL_BINDING_UNIFORM
ASSIGN	0xCB07C4	windowcolumnbg.tga
ASSIGN	0xCB07C4	rowdivider.tga
ASSIGN	0xCB07C4	columnexpandright.tga
ASSIGN	0xCB07C4	columnexpandleft.tga
ASSIGN	0xCB07C4	windowrowbg.tga
ASSIGN	0xCB07C4	grabhandle.tga
ASSIGN	0xCB07C4	windowstackundock.tga
ASSIGN	0xCB07C4	viewportseparator.tga
ASSIGN	0xCB07C4	viewportcamera.tga
ASSIGN	0xCB07C4	viewportlistboxbackground.tga
ASSIGN	0xCB07C4	viewportlistboxhover.tga
ASSIGN	0xCB07C4	viewportoptions.tga
ASSIGN	0xCB07C4	viewportsplit.tga
ASSIGN	0xCB07C4	viewportsplitvert.tga
ASSIGN	0xCB07C4	viewportsplithorz.tga
ASSIGN	0xCB07C4	deletecustomanimation.tga
ASSIGN	0xCB07C4	viewportmaximize.tga
ASSIGN	0xCB07C4	viewportundock.tga
ASSIGN	0xCB07C4	viewportactive.tga
ASSIGN	0xCB07C4	viewportprogressframe.tga
ASSIGN	0xCB07C4	viewportprogressdone.tga
ASSIGN	0xCB07C4	viewportprogressflash.tga
ASSIGN	0xCB07C4	viewportprogressbar.tga
ASSIGN	0xCB07C4	dockseparatorhandle.tga
ASSIGN	0x52275A	SINGLE_PASS
ASSIGN	0xCB07C4	canvassplinemode.tga
ASSIGN	0xCB07C4	viewportseparatorsnap.tga
ASSIGN	0xCB07C4	browserfilter0.tga
ASSIGN	0xCB07C4	browserfilter1.tga
ASSIGN	0xCB07C4	browserfilter2.tga
ASSIGN	0xCB07C4	browserfilter3.tga
ASSIGN	0xCB07C4	browserfilter4.tga
ASSIGN	0xCB07C4	browserfilter5.tga
ASSIGN	0xCB07C4	browserfilter6.tga
ASSIGN	0xCB07C4	browserfilter7.tga
ASSIGN	0xCB07C4	browserroot.tga
ASSIGN	0xCB07C4	browserback.tga
ASSIGN	0xCB07C4	browserforward.tga
ASSIGN	0xCB07C4	browserup.tga
ASSIGN	0xCB07C4	browserfoldernew.tga
ASSIGN	0xCB07C4	browserfolderdelete.tga
ASSIGN	0xCB07C4	browserdownload.tga
ASSIGN	0xCB07C4	browseropen.tga
ASSIGN	0xCB07C4	browserdelete.tga
ASSIGN	0xCB07C4	outlineicongroupsecondary.tga
ASSIGN	0xCB07C4	browserfilterfirst.tga
ASSIGN	0xCB07C4	browserfilterthird.tga
ASSIGN	0xCB07C4	browserfilterlocal.tga
ASSIGN	0xCB07C4	browserfilterdownload.tga
ASSIGN	0xCB07C4	browserfilterupdate.tga
ASSIGN	0xCB07C4	browserfilterscene.tga
ASSIGN	0xCB07C4	browserfilterseparator.tga
ASSIGN	0xCB07C4	browserfilterhover.tga
ASSIGN	0x571D4A	No Results. Clear Filters?
ASSIGN	0x1B4D82	INIT_MERGE
ASSIGN	0x1B4E3F	LAYER_MASK
ASSIGN	0x1B4EFA	SPARSE_LAYER_MASK
ASSIGN	0x1B5038	LAYER_BLEND
ASSIGN	0x1B519A	TRANSFERPAINTTOOL_COMPOSITE
ASSIGN	0x1B5254	USE_PIXEL_MASK
ASSIGN	0x1B53C8	SRC_BORDERS
ASSIGN	0x1B5482	DEST_BORDERS
ASSIGN	0x1B553C	NEED_UVUP
ASSIGN	0x18CEC5	CURRENT_LAYER
ASSIGN	0x18CF8E	SMUDGE_STROKE_ALPHA
ASSIGN	0x18D0B9	SMUDGE_MERGE
ASSIGN	0x10ACA18	toolbag5
ASSIGN	0x10ACA38	account.marmoset.co
ASSIGN	0x7AE956	library.marmoset.co
ASSIGN	0xCA2B3B	MSETLIBRARY
ASSIGN	0xCA2B3B	MSETUSERLIBRARY
ASSIGN	0xCB07C4	guirootbg.tga
ASSIGN	0xCB07C4	frameborder.tga
ASSIGN	0xCB07C4	windowbg.tga
ASSIGN	0xCB07C4	guirootedge.tga
ASSIGN	0xCB07C4	tabselectorbg.tga
ASSIGN	0xCB07C4	guirootdisabled.tga
ASSIGN	0xCB07C4	hovervalid.tga
ASSIGN	0xCB07C4	hoverinvalid.tga
ASSIGN	0xCB07C4	dockseparator.tga
ASSIGN	0xCB07C4	editorframe.tga
ASSIGN	0xCB07C4	windowframe.tga
ASSIGN	0xCB07C4	drawertitleframeopen1.tga
ASSIGN	0xCB07C4	drawertitleframeopen2.tga
ASSIGN	0xCB07C4	drawertitleframeopen3.tga
ASSIGN	0xCB07C4	drawertitleframeclosed1.tga
ASSIGN	0xCB07C4	drawertitleframeclosed2.tga
ASSIGN	0xCB07C4	drawertitleframeclosed3.tga
ASSIGN	0xCB07C4	drawerbuttonopen1.tga
ASSIGN	0xCB07C4	drawerbuttonopen2.tga
ASSIGN	0xCB07C4	drawerbuttonopen3.tga
ASSIGN	0xCB07C4	drawerbuttonclosed1.tga
ASSIGN	0xCB07C4	drawerbuttonclosed2.tga
ASSIGN	0xCB07C4	drawerbuttonclosed3.tga
ASSIGN	0xCB07C4	drawerbg1.tga
ASSIGN	0xCB07C4	drawerbg2.tga
ASSIGN	0xCB07C4	drawerbg3.tga
ASSIGN	0xCB07C4	drawerdisabledbg.tga
ASSIGN	0xCB07C4	checkbox.tga
ASSIGN	0xCB07C4	checkboxchecked.tga
ASSIGN	0xCB07C4	checkboxmixed.tga
ASSIGN	0xCB07C4	checkboxhover.tga
ASSIGN	0xCB07C4	checkboxhoverchecked.tga
ASSIGN	0xCB07C4	checkboxhovermixed.tga
ASSIGN	0xCB07C4	checkboxpress.tga
ASSIGN	0xCB07C4	checkboxpresschecked.tga
ASSIGN	0xCB07C4	checkboxpressmixed.tga
ASSIGN	0xCB07C4	listboxarrow.tga
ASSIGN	0xCB07C4	menuframe.tga
ASSIGN	0xCB07C4	menuhighlight.tga
ASSIGN	0xCB07C4	menuseparator.tga
ASSIGN	0xCB07C4	menusubmenuicon.tga
ASSIGN	0xCB07C4	menucheckmark.tga
ASSIGN	0xCB07C4	menuhighlightclick.tga
ASSIGN	0xCB07C4	iconlistboxborder.tga
ASSIGN	0xCB07C4	button.tga
ASSIGN	0xCB07C4	buttonhover.tga
ASSIGN	0xCB07C4	textboxframe.tga
ASSIGN	0xCB07C4	textboxselection.tga
ASSIGN	0xCB07C4	buttonpressed.tga
ASSIGN	0xCB07C4	buttonminimal.tga
ASSIGN	0xCB07C4	buttonminimalhover.tga
ASSIGN	0xCB07C4	buttonminimalpressed.tga
ASSIGN	0xCB07C4	spinner.tga
ASSIGN	0xCB07C4	spinnerup.tga
ASSIGN	0xCB07C4	spinnerdown.tga
ASSIGN	0xCB07C4	spinneroverup.tga
ASSIGN	0xCB07C4	spinneroverdown.tga
ASSIGN	0xCB07C4	sliderframe.tga
ASSIGN	0xCB07C4	sliderknob.tga
ASSIGN	0xCB07C4	sliderknobhover.tga
ASSIGN	0xCB07C4	scrollframe.tga
ASSIGN	0xCB07C4	scrollgutter.tga
ASSIGN	0xCB07C4	scrollbar.tga
ASSIGN	0xCB07C4	scrollbuttonup.tga
ASSIGN	0xCB07C4	scrollbuttonuppressed.tga
ASSIGN	0xCB07C4	scrollbuttondown.tga
ASSIGN	0xCB07C4	scrollbuttondownpressed.tga
ASSIGN	0xAA41B4	.usdc
ASSIGN	0xAA41B4	.glb
ASSIGN	0xAA41B4	.mview
ASSIGN	0xAA41B4	.fbx
ASSIGN	0xAA41B4	.obj
ASSIGN	0xAA41B4	.dae
ASSIGN	0xAA41B4	.tbscene
ASSIGN	0x12615B	material_surfNormal_normalMap
ASSIGN	0xCB07C4	textureboxempty.tga
ASSIGN	0xCB07C4	textureboxudimoverlay.tga
ASSIGN	0xCB07C4	textureboxmixed.tga
ASSIGN	0xCB07C4	imageboxframe.tga
ASSIGN	0xCB07C4	textureboxoptions.tga
ASSIGN	0xCB07C4	textureboxpreview.tga
ASSIGN	0xCB07C4	bakerpreviewoutput.tga
ASSIGN	0xCB07C4	textureboxedit.tga
ASSIGN	0xCB07C4	textureboxreload.tga
ASSIGN	0xCB07C4	textureboxclear.tga
ASSIGN	0x4C9368	material_surfNormal_scaleBias
ASSIGN	0x4C9368	material_surfNormal_flipX
ASSIGN	0x4C9368	material_surfNormal_flipY
ASSIGN	0x4C9368	material_surfNormal_flipZ
ASSIGN	0x4C9368	material_surfNormal_genZ
ASSIGN	0x4C9368	material_surfNormal_objectSpace
ASSIGN	0x12615B	material_microsurface_roughnessMap
ASSIGN	0x126E55	material_microsurface_roughnessMapChannel
ASSIGN	0x40A589	material_microsurface_roughness
ASSIGN	0x4C9346	Invert;roughness
ASSIGN	0x4C9368	material_microsurface_roughnessInvert
ASSIGN	0x12615B	material_albedo_albedo
ASSIGN	0xCD2BBD	material_albedo_color
ASSIGN	0xCB07C4	colorpickerwell.tga
ASSIGN	0xCB07C4	colorpickermixed.tga
ASSIGN	0xCB07C4	colorpickermixedgray.tga
ASSIGN	0x12615B	material_reflMetalness_metalnessMap
ASSIGN	0x126E55	material_reflMetalness_channel
ASSIGN	0x40A589	material_reflMetalness_metalness
ASSIGN	0x4C9368	material_reflMetalness_invert
ASSIGN	0x126E55	material_texture_uv_channel
ASSIGN	0x40A589	material_texture_tile
ASSIGN	0x40A589	material_texture_tileU
ASSIGN	0x40A589	material_texture_offsetU
ASSIGN	0x40A589	material_texture_tileV
ASSIGN	0x40A589	material_texture_offsetV
ASSIGN	0x40A589	material_texture_rotation
ASSIGN	0x126E55	material_texture_wrap
ASSIGN	0x126E55	material_texture_aniso
ASSIGN	0x4C9368	material_texture_filter
ASSIGN	0x3EB0CB	MATERIAL_LAYER_COUNT
ASSIGN	0xCE6E54	MATERIAL_PASS_PREPASS
ASSIGN	0xCDE033	MATERIAL_TEXTURE_MODE_UV
ASSIGN	0x158305	MATERIAL_LAYERING_MODE_NONE
ASSIGN	0xCE6E54	MATERIAL_PASS_PREPASS_RT
ASSIGN	0xCE6E54	MATERIAL_PASS_PREPASS_RTAO
ASSIGN	0xCE6E54	MATERIAL_PASS_PREPASS_HYBRID
ASSIGN	0xCE6E54	MATERIAL_PASS_PREPASS_COMPONENTVIEW
ASSIGN	0xCE6E54	MATERIAL_PASS_LIGHT
ASSIGN	0xCE6E54	MATERIAL_PASS_SHADOWMAP
ASSIGN	0xCE6E54	MATERIAL_PASS_SHADOWMAP_COMPONENTVIEW
ASSIGN	0xCE6E54	MATERIAL_PASS_SCATTER
ASSIGN	0x6AD7F	GGX_IMPORTANCE_SAMPLES
ASSIGN	0xCE6E54	MATERIAL_PASS_COMPONENTVIEW
ASSIGN	0xCE6E54	MATERIAL_PASS_VELOCITY
ASSIGN	0xCE6E54	MATERIAL_PASS_RT_PRIMARYHIT
ASSIGN	0xCE6E54	MATERIAL_PASS_RT_PRIMARYHIT_RASTER
ASSIGN	0xCE6E54	MATERIAL_PASS_RT_SECONDARYHIT
ASSIGN	0xCE6E54	MATERIAL_PASS_HYBRID_LIGHT_SAMPLE
ASSIGN	0xCE6E54	MATERIAL_PASS_HYBRID_PRIMARYHIT
ASSIGN	0xCE6E54	MATERIAL_PASS_HYBRID_SPATIALHASHDEBUG
ASSIGN	0xCE6E54	MATERIAL_PASS_HYBRID_INDIRECT
ASSIGN	0xCE6E54	MATERIAL_PASS_DEFORM
ASSIGN	0xCE6E54	MATERIAL_PASS_PAINT
ASSIGN	0xCCB186	TRANSFORMUV_ORDER_PAINT
ASSIGN	0xCE6E54	MATERIAL_PASS_EXPORT
ASSIGN	0x6AD7F	MATERIAL_TEXTURE_NOMIPS
ASSIGN	0xCE6E54	MATERIAL_PASS_BAKE
ASSIGN	0xCE6E54	MATERIAL_PASS_RENDERTOTEXTURE
ASSIGN	0xCE6E54	MATERIAL_PASS_COLOR_SAMPLE
ASSIGN	0xC57013	PREPASS_MINIMAL
ASSIGN	0xD5F5C3	OUTPUT_SECONDARY
ASSIGN	0x7AEC29	index.json
ASSIGN	0xCB07C4	iconlistbox.tga
ASSIGN	0xCB07C4	iconlistboxhover.tga
ASSIGN	0xCB07C4	layeropacitylinkoff.tga
ASSIGN	0xCB07C4	layeropacitylinkabsolute.tga
ASSIGN	0xCB07C4	layernewpaint.tga
ASSIGN	0xCB07C4	layernewfill.tga
ASSIGN	0xCB07C4	layernewspline.tga
ASSIGN	0xCB07C4	layernewdecal.tga
ASSIGN	0xCB07C4	layernewadjustment.tga
ASSIGN	0xCB07C4	layernewprocessor.tga
ASSIGN	0xCB07C4	layernewprocedural.tga
ASSIGN	0xCB07C4	layeraddmask.tga
ASSIGN	0xCB07C4	materialduplicate.tga
ASSIGN	0xCB07C4	materialgroupnew.tga
ASSIGN	0xCB07C4	materialcarvegroupnew.tga
ASSIGN	0xCB07C4	delete.tga
ASSIGN	0xCB07C4	materialpalettebg.tga
ASSIGN	0xCB07C4	syncpointnew.tga
ASSIGN	0xCB07C4	syncpointrefresh.tga
ASSIGN	0xCB07C4	syncpointsettings.tga
ASSIGN	0xCB07C4	materialpropbg.tga
ASSIGN	0xAF0A8E	Imported_Default
ASSIGN	0x29AC3E	ACCUMULATE_DEPTH
ASSIGN	0x29ADF3	ACCUMULATE_FEATURES
ASSIGN	0x497FC7	AREA_SHADOWS
ASSIGN	0x497EAD	SPOT_SHADOWS
ASSIGN	0x6AD7F	FOG_IBL
ASSIGN	0x6AD7F	FOG_DIR
ASSIGN	0x33D1F8	FOG_SHADOWS
ASSIGN	0x6AD7F	FOG_SPOT
ASSIGN	0x33D30E	FOG_OMNI
ASSIGN	0x3383CA	DOF_ALPHA
ASSIGN	0x47A605	COMPOSITE_DUAL
ASSIGN	0xD06516	BLOOM_SAMPLES 64
ASSIGN	0xCB07C4	materialgroupframe.tga
ASSIGN	0xCB07C4	materialgroupframeselected.tga
ASSIGN	0xCB07C4	materialgroupframehover.tga
ASSIGN	0xCB07C4	materialgroupexpand.tga
ASSIGN	0xCB07C4	materialgroupcollapse.tga
ASSIGN	0xCB07C4	materiallabel.tga
ASSIGN	0xCB07C4	materiallabelhover.tga
ASSIGN	0xCB07C4	materiallabelselected.tga
ASSIGN	0xCB07C4	materiallabelsmall.tga
ASSIGN	0xCB07C4	materiallabelhoversmall.tga
ASSIGN	0xCB07C4	materiallabelselectedsmall.tga
ASSIGN	0xCB07C4	materialunselected.tga
ASSIGN	0xCB07C4	materialhighlight.tga
ASSIGN	0xCB07C4	materialhighlightempty.tga
ASSIGN	0xCB07C4	materialhighlightsmall.tga
ASSIGN	0xCB07C4	materialhighlightemptysmall.tga
ASSIGN	0xCB07C4	materialtextboxframe.tga
ASSIGN	0xCB07C4	materialnew.tga
ASSIGN	0xCB07C4	materialpresets.tga
ASSIGN	0xCB07C4	materialapply.tga
ASSIGN	0xCB07C4	materialimport.tga
ASSIGN	0xCB07C4	materialexport.tga
ASSIGN	0xCB07C4	separator.tga
ASSIGN	0xCB07C4	menubar.tga
ASSIGN	0xCB07C4	menubarhover.tga
ASSIGN	0xCF67E3	Add Layer Mask 
ASSIGN	0xCB07C4	menutoolbagicon.tga
ASSIGN	0xCB07C4	menubarmaximize.tga
ASSIGN	0xCB07C4	menubarrestore.tga
ASSIGN	0xCB07C4	menubarminimize.tga
ASSIGN	0xCB07C4	menubarclose.tga
ASSIGN	0xCB07C4	scenenewmodel.tga
ASSIGN	0xCB07C4	scenenewlight.tga
ASSIGN	0xCB07C4	scenenewcamera.tga
ASSIGN	0xCB07C4	scenenewfog.tga
ASSIGN	0xCB07C4	scenenewbaker.tga
ASSIGN	0xCB07C4	scenenewpaintproject.tga
ASSIGN	0xCB07C4	scenepresent.tga
ASSIGN	0xCB07C4	scenegroup.tga
ASSIGN	0xCB07C4	sceneduplicate.tga
ASSIGN	0xCB07C4	browsersearch.tga
ASSIGN	0xCB07C4	browsertagclose.tga
ASSIGN	0xCB07C4	filter.tga
ASSIGN	0xCB07C4	outlinebackground.tga
ASSIGN	0xCB07C4	outlinevertical.tga
ASSIGN	0xCB07C4	outlinehorizontal.tga
ASSIGN	0xCB07C4	outlinehorizontalnoroot.tga
ASSIGN	0xCB07C4	outlinegroupopen.tga
ASSIGN	0xCB07C4	outlinegroupclosed.tga
ASSIGN	0xCB07C4	outlinehighlight.tga
ASSIGN	0xCB07C4	outlinehighlightempty.tga
ASSIGN	0xCB07C4	outlinehighlighthover.tga
ASSIGN	0xCB07C4	outlineseparator.tga
ASSIGN	0xCB07C4	outlinecolumn.tga
ASSIGN	0xCB07C4	outlinevisibility.tga
ASSIGN	0xCB07C4	outlinevisibilityhidden.tga
ASSIGN	0xCB07C4	outlinelockicon.tga
ASSIGN	0xCB07C4	outlineunlockicon.tga
ASSIGN	0xCB07C4	outlineiconmesh.tga
ASSIGN	0xCB07C4	outlineiconsubmesh.tga
ASSIGN	0xCB07C4	outlineicongroup.tga
ASSIGN	0xCB07C4	outlineicondocument.tga
ASSIGN	0xCB07C4	outlineiconsky.tga
ASSIGN	0xCB07C4	outlineiconlight.tga
ASSIGN	0xCB07C4	outlineiconcamera.tga
ASSIGN	0xCB07C4	outlineiconexternal.tga
ASSIGN	0xCB07C4	outlineiconfog.tga
ASSIGN	0xCB07C4	outlineiconbaker.tga
ASSIGN	0xCB07C4	outlineiconbakersrc.tga
ASSIGN	0xCB07C4	outlineiconbakerdst.tga
ASSIGN	0xCB07C4	outlineiconbakerdstcage.tga
ASSIGN	0xCB07C4	outlineiconrender.tga
ASSIGN	0xCB07C4	outlineiconbackdrop.tga
ASSIGN	0xCB07C4	outlineiconshadowcatcher.tga
ASSIGN	0xCB07C4	outlineiconturntable.tga
ASSIGN	0xCB07C4	outlineiconpaintproject.tga
ASSIGN	0xCB07C4	outlineiconhair.tga
ASSIGN	0xCB07C4	timestretchlefthandle.tga
ASSIGN	0xCB07C4	timestretchrighthandle.tga
ASSIGN	0xCB07C4	timestretchlefthandleclicked.tga
ASSIGN	0xCB07C4	timestretchrighthandleclicked.tga
ASSIGN	0xCB07C4	timestretchbackground.tga
ASSIGN	0xCB07C4	animationtimelineviewframe.tga
ASSIGN	0xCB07C4	animationtimelineviewframeborder.tga
ASSIGN	0xCB07C4	animationtimelineviewsecondsmarker.tga
ASSIGN	0xCB07C4	animationtimelineviewframesmarker.tga
ASSIGN	0xCB07C4	animationtimelineviewkeyedframesmarker.tga
ASSIGN	0xCB07C4	animationtimelineviewselectedkeyedframesmarker.tga
ASSIGN	0xCB07C4	animationtimelineviewframemarker.tga
ASSIGN	0xCB07C4	animationtimelineviewframeinterval.tga
ASSIGN	0xCB07C4	animationtimelineselectorframe.tga
ASSIGN	0xCB07C4	animationtimelineselectorrange.tga
ASSIGN	0xCB07C4	animationtimelineselectorlefthandle.tga
ASSIGN	0xCB07C4	animationtimelineselectorrighthandle.tga
ASSIGN	0xCB07C4	animationtimelineselectorlefthandleclicked.tga
ASSIGN	0xCB07C4	animationtimelineselectorrighthandleclicked.tga
ASSIGN	0xCB07C4	animationtimelineselectorsecondsmarker.tga
ASSIGN	0xCB07C4	animationplay.tga
ASSIGN	0xCB07C4	animationpause.tga
ASSIGN	0xCB07C4	timelineeditortrim.tga
ASSIGN	0xCB07C4	timelineeditorhomeframe.tga
ASSIGN	0xCB07C4	animationfirstframe.tga
ASSIGN	0xCB07C4	animationlastframe.tga
ASSIGN	0xCB07C4	animationpreviousframe.tga
ASSIGN	0xCB07C4	animationnextframe.tga
ASSIGN	0xCB07C4	animationpreviouskeyedframe.tga
ASSIGN	0xCB07C4	animationnextkeyedframe.tga
ASSIGN	0xCB07C4	animationautokey.tga
ASSIGN	0xCB07C4	animationzoomlink.tga
ASSIGN	0xCB07C4	animationloop.tga
ASSIGN	0xCB07C4	keyframescalerverticalhandle.tga
ASSIGN	0xCB07C4	keyframescalerhorizontalhandle.tga
ASSIGN	0xCB07C4	keyframescalercornerhandle.tga
ASSIGN	0xCB07C4	keyframescalerverticalhandleclicked.tga
ASSIGN	0xCB07C4	keyframescalerhorizontalhandleclicked.tga
ASSIGN	0xCB07C4	keyframescalercornerhandleclicked.tga
ASSIGN	0xCB07C4	keyframescalerbackground.tga
ASSIGN	0xCB07C4	keyframescalerborder.tga
ASSIGN	0xCB07C4	curveeditorframe.tga
ASSIGN	0xCB07C4	curveeditorframeborder.tga
ASSIGN	0xCB07C4	curveeditorsecondsmarker.tga
ASSIGN	0xCB07C4	curveeditorframesmarker.tga
ASSIGN	0xCB07C4	curveeditorplaybackline.tga
ASSIGN	0xCB07C4	curveeditortimestretchbackground.tga
ASSIGN	0xCB07C4	curveeditoremptybackground.tga
ASSIGN	0xCB07C4	curveeditoroutofboundsoverlay.tga
ASSIGN	0xCB07C4	curveeditortimescalelinebackgroundmask.tga
ASSIGN	0xCB07C4	animationoutlineiconproperty.tga
ASSIGN	0xCB07C4	animationoutlineiconmaterial.tga
ASSIGN	0xCB07C4	animationoutlineicongroup.tga
ASSIGN	0xCB07C4	curveeditorshowstacked.tga
ASSIGN	0xCB07C4	curveeditorshowoverlapped.tga
ASSIGN	0xCB07C4	animationblendstep.tga
ASSIGN	0xCB07C4	animationblendlinear.tga
ASSIGN	0xCB07C4	animationblendspline.tga
ASSIGN	0xCB07C4	animationblendsplinebreak.tga
ASSIGN	0xCB07C4	animationinsertkeyframes.tga
ASSIGN	0xCB07C4	animationdeletekeyframes.tga
ASSIGN	0xCB07C4	animationdeleteallkeyframes.tga
ASSIGN	0xCB07C4	curveeditorshowvalues.tga
ASSIGN	0xCB07C4	curveeditorautofit.tga
ASSIGN	0xCB07C4	curveeditorresetview.tga
ASSIGN	0xCB07C4	colorpickercursor.tga
ASSIGN	0xCB07C4	colorpickerhue.tga
ASSIGN	0xCB07C4	colorpickerslidercursor.tga
ASSIGN	0xCB07C4	togglescreensampler.tga
ASSIGN	0x52F256	GAMMA_ADJUSTMENT
ASSIGN	0xCB07C4	splineframe.tga
ASSIGN	0xBB5BA3	Frame: 
ASSIGN	0xBB5C30	VP Quality: 
ASSIGN	0xBB5DB9	Draw: 
ASSIGN	0xBB5E52	GPU: 
ASSIGN	0xCB07C4	historyinactivebutton.tga
ASSIGN	0xCB07C4	splinevertex.tga
ASSIGN	0xCB07C4	splineline.tga
ASSIGN	0xCB07C4	listboxmenu.tga
ASSIGN	0xCB07C4	exportusd.tga
ASSIGN	0xCB07C4	exportgltf.tga
ASSIGN	0xCB07C4	exportviewer.tga
ASSIGN	0xCB07C4	exportfbx.tga
ASSIGN	0xCB07C4	exportobj.tga
ASSIGN	0xCB07C4	exportdae.tga
ASSIGN	0xCB07C4	exportbundle.tga
ASSIGN	0xCB07C4	confirm.tga
ASSIGN	0xCB07C4	cancel.tga
ASSIGN	0xCB07C4	ignore.tga
ASSIGN	0xCB07C4	reset.tga
ASSIGN	0xCB07C4	inputrecorderframe.tga
ASSIGN	0xCB07C4	inputrecorderhover.tga
ASSIGN	0xCB07C4	inputrecorderrecord.tga
ASSIGN	0xCB07C4	brusheditortablet.tga
ASSIGN	0xCB07C4	brusheditordynamicsoff.tga
ASSIGN	0xCB07C4	brusheditortilt.tga
ASSIGN	0xCB07C4	brusheditorfade.tga
ASSIGN	0xCB07C4	windowframefull.tga
ASSIGN	0xCB07C4	invert_on.tga
ASSIGN	0xCB07C4	linkuvscale_on.tga
ASSIGN	0xC896D	Select From: 
ASSIGN	0x18A5FB	Smudge Over: 
ASSIGN	0xCB07C4	locatorheader.tga
ASSIGN	0xCB07C4	locatordivider.tga
ASSIGN	0xCB07C4	locatoraction.tga
ASSIGN	0xCB07C4	locatorfolder.tga
ASSIGN	0xCB07C4	locatordownload.tga
ASSIGN	0xCB07C4	splinetangent.tga
ASSIGN	0xCB07C4	splinetangent_hover.tga
ASSIGN	0xCB07C4	splinetangent_selected.tga
ASSIGN	0xCB07C4	splinevertex_hover.tga
ASSIGN	0xCB07C4	splinevertex_selected.tga
ASSIGN	0xCB07C4	beziersharpen.tga
ASSIGN	0xCB07C4	beziersmooth.tga
ASSIGN	0xCB07C4	beziermirrorangle_on.tga
ASSIGN	0xCB07C4	beziermirrorpos_on.tga
ASSIGN	0xCB07C4	bezierlimits_on.tga
ASSIGN	0xCB07C4	beziersnap_on.tga
ASSIGN	0xCB07C4	workspacebarbg.tga
ASSIGN	0xCB07C4	workspacetabselectorbutton.tga
ASSIGN	0xCB07C4	workspacetabselectorbuttonpressed.tga
ASSIGN	0xCB07C4	workspacetabselectorbuttonhover.tga
ASSIGN	0xCB07C4	tabselectorbutton.tga
ASSIGN	0xCB07C4	tabselectorbuttonpressed.tga
ASSIGN	0xCB07C4	tabselectorbuttonhover.tga
ASSIGN	0xCB07C4	scrolltableft.tga
ASSIGN	0xCB07C4	scrolltabright.tga
ASSIGN	0xCB07C4	console.tga
ASSIGN	0xCB07C4	progressbar.tga
ASSIGN	0xCB07C4	progressbarpaused.tga
ASSIGN	0xCB07C4	progressbarframe.tga
ASSIGN	0xCB07C4	toolbarbg.tga
ASSIGN	0x7286B1	SPARSE_BUFFER_SIZE
ASSIGN	0xCB07C4	toolbarraster.tga
ASSIGN	0xCB07C4	toolbarhybrid.tga
ASSIGN	0xCB07C4	toolbarrt.tga
ASSIGN	0xCB07C4	toolbartransform.tga
ASSIGN	0xCB07C4	toolbarselect.tga
ASSIGN	0xCB07C4	toolbartranslate.tga
ASSIGN	0xCB07C4	toolbarrotate.tga
ASSIGN	0xCB07C4	toolbarscale.tga
ASSIGN	0xCB07C4	toolbarselectmarquee.tga
ASSIGN	0xCB07C4	toolbarselectcircle.tga
ASSIGN	0xCB07C4	toolbarselectpoly.tga
ASSIGN	0xCB07C4	toolbarselectlasso.tga
ASSIGN	0xCB07C4	toolbarseparator.tga
ASSIGN	0x3EBBC8	MATERIAL_BINDING_UNIFORM
ASSIGN	0xCB07C4	windowcolumnbg.tga
ASSIGN	0xCB07C4	rowdivider.tga
ASSIGN	0xCB07C4	columnexpandright.tga
ASSIGN	0xCB07C4	columnexpandleft.tga
ASSIGN	0xCB07C4	windowrowbg.tga
ASSIGN	0xCB07C4	grabhandle.tga
ASSIGN	0xCB07C4	windowstackundock.tga
ASSIGN	0xCB07C4	viewportseparator.tga
ASSIGN	0xCB07C4	viewportcamera.tga
ASSIGN	0xCB07C4	viewportlistboxbackground.tga
ASSIGN	0xCB07C4	viewportlistboxhover.tga
ASSIGN	0xCB07C4	viewportoptions.tga
ASSIGN	0xCB07C4	viewportsplit.tga
ASSIGN	0xCB07C4	viewportsplitvert.tga
ASSIGN	0xCB07C4	viewportsplithorz.tga
ASSIGN	0xCB07C4	deletecustomanimation.tga
ASSIGN	0xCB07C4	viewportmaximize.tga
ASSIGN	0xCB07C4	viewportundock.tga
ASSIGN	0xCB07C4	viewportactive.tga
ASSIGN	0xCB07C4	viewportprogressframe.tga
ASSIGN	0xCB07C4	viewportprogressdone.tga
ASSIGN	0xCB07C4	viewportprogressflash.tga
ASSIGN	0xCB07C4	viewportprogressbar.tga
ASSIGN	0x52275A	SINGLE_PASS
ASSIGN	0xCB07C4	canvassplinemode.tga
ASSIGN	0xCB07C4	viewportseparatorsnap.tga
ASSIGN	0xCB07C4	browserfilter0.tga
ASSIGN	0xCB07C4	browserfilter1.tga
ASSIGN	0xCB07C4	browserfilter2.tga
ASSIGN	0xCB07C4	browserfilter3.tga
ASSIGN	0xCB07C4	browserfilter4.tga
ASSIGN	0xCB07C4	browserfilter5.tga
ASSIGN	0xCB07C4	browserfilter6.tga
ASSIGN	0xCB07C4	browserfilter7.tga
ASSIGN	0xCB07C4	browserroot.tga
ASSIGN	0xCB07C4	browserback.tga
ASSIGN	0xCB07C4	browserforward.tga
ASSIGN	0xCB07C4	browserup.tga
ASSIGN	0xCB07C4	browserfoldernew.tga
ASSIGN	0xCB07C4	browserfolderdelete.tga
ASSIGN	0xCB07C4	browserdownload.tga
ASSIGN	0xCB07C4	browseropen.tga
ASSIGN	0xCB07C4	browserdelete.tga
ASSIGN	0xCB07C4	outlineicongroupsecondary.tga
ASSIGN	0xCB07C4	browserfilterfirst.tga
ASSIGN	0xCB07C4	browserfilterthird.tga
ASSIGN	0xCB07C4	browserfilterlocal.tga
ASSIGN	0xCB07C4	browserfilterdownload.tga
ASSIGN	0xCB07C4	browserfilterupdate.tga
ASSIGN	0xCB07C4	browserfilterscene.tga
ASSIGN	0xCB07C4	browserfilterseparator.tga
ASSIGN	0xCB07C4	browserfilterhover.tga
ASSIGN	0xCB07C4	browserhighlight.tga
ASSIGN	0xCB07C4	browserhighlightempty.tga
ASSIGN	0xCB07C4	browsercloud.tga
ASSIGN	0xCB07C4	browsercloudforbidden.tga
ASSIGN	0xCB07C4	browserupdate.tga
ASSIGN	0xCB07C4	browserforbiddensmall.tga
ASSIGN	0xCB07C4	libraryhighlightemptysmall.tga
ASSIGN	0xCB07C4	browserprogressbg.tga
ASSIGN	0xCB07C4	browserprogressbar.tga
ASSIGN	0xCB07C4	browserfolder.tga
ASSIGN	0xCB07C4	dockseparatorhandle.tga
ASSIGN	0xCB07C4	framebar.tga
ASSIGN	0xCB07C4	framebarcontrol.tga
ASSIGN	0xCB07C4	framebarclose.tga
ASSIGN	0x1B4D82	INIT_MERGE
ASSIGN	0x1B4E3F	LAYER_MASK
ASSIGN	0x1B4EFA	SPARSE_LAYER_MASK
ASSIGN	0x1B5038	LAYER_BLEND
ASSIGN	0x1B519A	TRANSFERPAINTTOOL_COMPOSITE
ASSIGN	0x1B5254	USE_PIXEL_MASK
ASSIGN	0x1B53C8	SRC_BORDERS
ASSIGN	0x1B5482	DEST_BORDERS
ASSIGN	0x1B553C	NEED_UVUP
ASSIGN	0x18CEC5	CURRENT_LAYER
ASSIGN	0x18CF8E	SMUDGE_STROKE_ALPHA
ASSIGN	0x18D0B9	SMUDGE_MERGE
ASSIGN	0x10ACA18	toolbag5
ASSIGN	0x10ACA38	account.marmoset.co
ASSIGN	0x7AE956	library.marmoset.co
ASSIGN	0xCA2B3B	MSETLIBRARY
ASSIGN	0xCA2B3B	MSETUSERLIBRARY
ASSIGN	0xCB07C4	guirootbg.tga
ASSIGN	0xCB07C4	frameborder.tga
ASSIGN	0xCB07C4	windowbg.tga
ASSIGN	0xCB07C4	guirootedge.tga
ASSIGN	0xCB07C4	tabselectorbg.tga
ASSIGN	0xCB07C4	guirootdisabled.tga
ASSIGN	0xCB07C4	hovervalid.tga
ASSIGN	0xCB07C4	hoverinvalid.tga
ASSIGN	0xCB07C4	dockseparator.tga
ASSIGN	0xCB07C4	editorframe.tga
ASSIGN	0xCB07C4	windowframe.tga
ASSIGN	0xCB07C4	drawertitleframeopen1.tga
ASSIGN	0xCB07C4	drawertitleframeopen2.tga
ASSIGN	0xCB07C4	drawertitleframeopen3.tga
ASSIGN	0xCB07C4	drawertitleframeclosed1.tga
ASSIGN	0xCB07C4	drawertitleframeclosed2.tga
ASSIGN	0xCB07C4	drawertitleframeclosed3.tga
ASSIGN	0xCB07C4	drawerbuttonopen1.tga
ASSIGN	0xCB07C4	drawerbuttonopen2.tga
ASSIGN	0xCB07C4	drawerbuttonopen3.tga
ASSIGN	0xCB07C4	drawerbuttonclosed1.tga
ASSIGN	0xCB07C4	drawerbuttonclosed2.tga
ASSIGN	0xCB07C4	drawerbuttonclosed3.tga
ASSIGN	0xCB07C4	drawerbg1.tga
ASSIGN	0xCB07C4	drawerbg2.tga
ASSIGN	0xCB07C4	drawerbg3.tga
ASSIGN	0xCB07C4	drawerdisabledbg.tga
ASSIGN	0xCB07C4	checkbox.tga
ASSIGN	0xCB07C4	checkboxchecked.tga
ASSIGN	0xCB07C4	checkboxmixed.tga
ASSIGN	0xCB07C4	checkboxhover.tga
ASSIGN	0xCB07C4	checkboxhoverchecked.tga
ASSIGN	0xCB07C4	checkboxhovermixed.tga
ASSIGN	0xCB07C4	checkboxpress.tga
ASSIGN	0xCB07C4	checkboxpresschecked.tga
ASSIGN	0xCB07C4	checkboxpressmixed.tga
ASSIGN	0xCB07C4	listboxarrow.tga
ASSIGN	0xCB07C4	menuframe.tga
ASSIGN	0xCB07C4	menuhighlight.tga
ASSIGN	0xCB07C4	menuseparator.tga
ASSIGN	0xCB07C4	menusubmenuicon.tga
ASSIGN	0xCB07C4	menucheckmark.tga
ASSIGN	0xCB07C4	menuhighlightclick.tga
ASSIGN	0xCB07C4	iconlistboxborder.tga
ASSIGN	0xCB07C4	button.tga
ASSIGN	0xCB07C4	buttonhover.tga
ASSIGN	0xCB07C4	textboxframe.tga
ASSIGN	0xCB07C4	textboxselection.tga
ASSIGN	0xCB07C4	buttonpressed.tga
ASSIGN	0xCB07C4	buttonminimal.tga
ASSIGN	0xCB07C4	buttonminimalhover.tga
ASSIGN	0xCB07C4	buttonminimalpressed.tga
ASSIGN	0xCB07C4	spinner.tga
ASSIGN	0xCB07C4	spinnerup.tga
ASSIGN	0xCB07C4	spinnerdown.tga
ASSIGN	0xCB07C4	spinneroverup.tga
ASSIGN	0xCB07C4	spinneroverdown.tga
ASSIGN	0xCB07C4	sliderframe.tga
ASSIGN	0xCB07C4	sliderknob.tga
ASSIGN	0xCB07C4	sliderknobhover.tga
ASSIGN	0xCB07C4	scrollframe.tga
ASSIGN	0xCB07C4	scrollgutter.tga
ASSIGN	0xCB07C4	scrollbar.tga
ASSIGN	0xCB07C4	scrollbuttonup.tga
ASSIGN	0xCB07C4	scrollbuttonuppressed.tga
ASSIGN	0xCB07C4	scrollbuttondown.tga
ASSIGN	0xCB07C4	scrollbuttondownpressed.tga
ASSIGN	0xAA41B4	.usdc
ASSIGN	0xAA41B4	.glb
ASSIGN	0xAA41B4	.mview
ASSIGN	0xAA41B4	.fbx
ASSIGN	0xAA41B4	.obj
ASSIGN	0xAA41B4	.dae
ASSIGN	0xAA41B4	.tbscene
ASSIGN	0x12615B	material_surfNormal_normalMap
ASSIGN	0xCB07C4	textureboxempty.tga
ASSIGN	0xCB07C4	textureboxudimoverlay.tga
ASSIGN	0xCB07C4	textureboxmixed.tga
ASSIGN	0xCB07C4	imageboxframe.tga
ASSIGN	0xCB07C4	textureboxoptions.tga
ASSIGN	0xCB07C4	textureboxpreview.tga
ASSIGN	0xCB07C4	bakerpreviewoutput.tga
ASSIGN	0xCB07C4	textureboxedit.tga
ASSIGN	0xCB07C4	textureboxreload.tga
ASSIGN	0xCB07C4	textureboxclear.tga
ASSIGN	0x4C9368	material_surfNormal_scaleBias
ASSIGN	0x4C9368	material_surfNormal_flipX
ASSIGN	0x4C9368	material_surfNormal_flipY
ASSIGN	0x4C9368	material_surfNormal_flipZ
ASSIGN	0x4C9368	material_surfNormal_genZ
ASSIGN	0x4C9368	material_surfNormal_objectSpace
ASSIGN	0x12615B	material_microsurface_roughnessMap
ASSIGN	0x126E55	material_microsurface_roughnessMapChannel
ASSIGN	0x40A589	material_microsurface_roughness
ASSIGN	0x4C9346	Invert;roughness
ASSIGN	0x4C9368	material_microsurface_roughnessInvert
ASSIGN	0x12615B	material_albedo_albedo
ASSIGN	0xCD2BBD	material_albedo_color
ASSIGN	0xCB07C4	colorpickerwell.tga
ASSIGN	0xCB07C4	colorpickermixed.tga
ASSIGN	0xCB07C4	colorpickermixedgray.tga
ASSIGN	0x12615B	material_reflMetalness_metalnessMap
ASSIGN	0x126E55	material_reflMetalness_channel
ASSIGN	0x40A589	material_reflMetalness_metalness
ASSIGN	0x4C9368	material_reflMetalness_invert
ASSIGN	0x126E55	material_texture_uv_channel
ASSIGN	0x40A589	material_texture_tile
ASSIGN	0x40A589	material_texture_tileU
ASSIGN	0x40A589	material_texture_offsetU
ASSIGN	0x40A589	material_texture_tileV
ASSIGN	0x40A589	material_texture_offsetV
ASSIGN	0x40A589	material_texture_rotation
ASSIGN	0x126E55	material_texture_wrap
ASSIGN	0x126E55	material_texture_aniso
ASSIGN	0x4C9368	material_texture_filter
ASSIGN	0x3EB0CB	MATERIAL_LAYER_COUNT
ASSIGN	0xCE6E54	MATERIAL_PASS_PREPASS
ASSIGN	0xCDE033	MATERIAL_TEXTURE_MODE_UV
ASSIGN	0x158305	MATERIAL_LAYERING_MODE_NONE
ASSIGN	0xCE6E54	MATERIAL_PASS_PREPASS_RT
ASSIGN	0xCE6E54	MATERIAL_PASS_PREPASS_RTAO
ASSIGN	0xCE6E54	MATERIAL_PASS_PREPASS_HYBRID
ASSIGN	0xCE6E54	MATERIAL_PASS_PREPASS_COMPONENTVIEW
ASSIGN	0xCE6E54	MATERIAL_PASS_LIGHT
ASSIGN	0xCE6E54	MATERIAL_PASS_SHADOWMAP
ASSIGN	0xCE6E54	MATERIAL_PASS_SHADOWMAP_COMPONENTVIEW
ASSIGN	0xCE6E54	MATERIAL_PASS_SCATTER
ASSIGN	0x6AD7F	GGX_IMPORTANCE_SAMPLES
ASSIGN	0xCE6E54	MATERIAL_PASS_COMPONENTVIEW
ASSIGN	0xCE6E54	MATERIAL_PASS_VELOCITY
ASSIGN	0xCE6E54	MATERIAL_PASS_RT_PRIMARYHIT
ASSIGN	0xCE6E54	MATERIAL_PASS_RT_PRIMARYHIT_RASTER
ASSIGN	0xCE6E54	MATERIAL_PASS_RT_SECONDARYHIT
ASSIGN	0xCE6E54	MATERIAL_PASS_HYBRID_LIGHT_SAMPLE
ASSIGN	0xCE6E54	MATERIAL_PASS_HYBRID_PRIMARYHIT
ASSIGN	0xCE6E54	MATERIAL_PASS_HYBRID_SPATIALHASHDEBUG
ASSIGN	0xCE6E54	MATERIAL_PASS_HYBRID_INDIRECT
ASSIGN	0xCE6E54	MATERIAL_PASS_DEFORM
ASSIGN	0xCE6E54	MATERIAL_PASS_PAINT
ASSIGN	0xCCB186	TRANSFORMUV_ORDER_PAINT
ASSIGN	0xCE6E54	MATERIAL_PASS_EXPORT
ASSIGN	0x6AD7F	MATERIAL_TEXTURE_NOMIPS
ASSIGN	0xCE6E54	MATERIAL_PASS_BAKE
ASSIGN	0xCE6E54	MATERIAL_PASS_RENDERTOTEXTURE
ASSIGN	0xCE6E54	MATERIAL_PASS_COLOR_SAMPLE
ASSIGN	0xC57013	PREPASS_MINIMAL
ASSIGN	0xD5F5C3	OUTPUT_SECONDARY
ASSIGN	0x7AEC29	index.json
ASSIGN	0xCB07C4	iconlistbox.tga
ASSIGN	0xCB07C4	iconlistboxhover.tga
ASSIGN	0xCB07C4	layeropacitylinkoff.tga
ASSIGN	0xCB07C4	layeropacitylinkabsolute.tga
ASSIGN	0xCB07C4	layernewpaint.tga
ASSIGN	0xCB07C4	layernewfill.tga
ASSIGN	0xCB07C4	layernewspline.tga
ASSIGN	0xCB07C4	layernewdecal.tga
ASSIGN	0xCB07C4	layernewadjustment.tga
ASSIGN	0xCB07C4	layernewprocessor.tga
ASSIGN	0xCB07C4	layernewprocedural.tga
ASSIGN	0xCB07C4	layeraddmask.tga
ASSIGN	0xCB07C4	materialduplicate.tga
ASSIGN	0xCB07C4	materialgroupnew.tga
ASSIGN	0xCB07C4	materialcarvegroupnew.tga
ASSIGN	0xCB07C4	delete.tga
ASSIGN	0xCB07C4	materialpalettebg.tga
ASSIGN	0xCB07C4	syncpointnew.tga
ASSIGN	0xCB07C4	syncpointrefresh.tga
ASSIGN	0xCB07C4	syncpointsettings.tga
ASSIGN	0xCB07C4	materialpropbg.tga
ASSIGN	0xAF0A8E	Imported_Default
ASSIGN	0x29AC3E	ACCUMULATE_DEPTH
ASSIGN	0x29ADF3	ACCUMULATE_FEATURES
ASSIGN	0x497FC7	AREA_SHADOWS
ASSIGN	0x497EAD	SPOT_SHADOWS
ASSIGN	0x6AD7F	FOG_IBL
ASSIGN	0x6AD7F	FOG_DIR
ASSIGN	0x33D1F8	FOG_SHADOWS
ASSIGN	0x6AD7F	FOG_SPOT
ASSIGN	0x33D30E	FOG_OMNI
ASSIGN	0x3383CA	DOF_ALPHA
ASSIGN	0x47A605	COMPOSITE_DUAL
ASSIGN	0xD06516	BLOOM_SAMPLES 64
ASSIGN	0xCB07C4	materialgroupframe.tga
ASSIGN	0xCB07C4	materialgroupframeselected.tga
ASSIGN	0xCB07C4	materialgroupframehover.tga
ASSIGN	0xCB07C4	materialgroupexpand.tga
ASSIGN	0xCB07C4	materialgroupcollapse.tga
ASSIGN	0xCB07C4	materiallabel.tga
ASSIGN	0xCB07C4	materiallabelhover.tga
ASSIGN	0xCB07C4	materiallabelselected.tga
ASSIGN	0xCB07C4	materiallabelsmall.tga
ASSIGN	0xCB07C4	materiallabelhoversmall.tga
ASSIGN	0xCB07C4	materiallabelselectedsmall.tga
ASSIGN	0xCB07C4	materialunselected.tga
ASSIGN	0xCB07C4	materialhighlight.tga
ASSIGN	0xCB07C4	materialhighlightempty.tga
ASSIGN	0xCB07C4	materialhighlightsmall.tga
ASSIGN	0xCB07C4	materialhighlightemptysmall.tga
ASSIGN	0xCB07C4	materialtextboxframe.tga
ASSIGN	0xCB07C4	materialnew.tga
ASSIGN	0xCB07C4	materialpresets.tga
ASSIGN	0xCB07C4	materialapply.tga
ASSIGN	0xCB07C4	materialimport.tga
ASSIGN	0xCB07C4	materialexport.tga
ASSIGN	0xCB07C4	separator.tga
ASSIGN	0xCB07C4	menubar.tga
ASSIGN	0xCB07C4	menubarhover.tga
ASSIGN	0xCF67E3	Add Layer Mask 
ASSIGN	0xCB07C4	menutoolbagicon.tga
ASSIGN	0xCB07C4	menubarmaximize.tga
ASSIGN	0xCB07C4	menubarrestore.tga
ASSIGN	0xCB07C4	menubarminimize.tga
ASSIGN	0xCB07C4	menubarclose.tga
ASSIGN	0xCB07C4	scenenewmodel.tga
ASSIGN	0xCB07C4	scenenewlight.tga
ASSIGN	0xCB07C4	scenenewcamera.tga
ASSIGN	0xCB07C4	scenenewfog.tga
ASSIGN	0xCB07C4	scenenewbaker.tga
ASSIGN	0xCB07C4	scenenewpaintproject.tga
ASSIGN	0xCB07C4	scenepresent.tga
ASSIGN	0xCB07C4	scenegroup.tga
ASSIGN	0xCB07C4	sceneduplicate.tga
ASSIGN	0xCB07C4	browsersearch.tga
ASSIGN	0xCB07C4	browsertagclose.tga
ASSIGN	0xCB07C4	filter.tga
ASSIGN	0xCB07C4	outlinebackground.tga
ASSIGN	0xCB07C4	outlinevertical.tga
ASSIGN	0xCB07C4	outlinehorizontal.tga
ASSIGN	0xCB07C4	outlinehorizontalnoroot.tga
ASSIGN	0xCB07C4	outlinegroupopen.tga
ASSIGN	0xCB07C4	outlinegroupclosed.tga
ASSIGN	0xCB07C4	outlinehighlight.tga
ASSIGN	0xCB07C4	outlinehighlightempty.tga
ASSIGN	0xCB07C4	outlinehighlighthover.tga
ASSIGN	0xCB07C4	outlineseparator.tga
ASSIGN	0xCB07C4	outlinecolumn.tga
ASSIGN	0xCB07C4	outlinevisibility.tga
ASSIGN	0xCB07C4	outlinevisibilityhidden.tga
ASSIGN	0xCB07C4	outlinelockicon.tga
ASSIGN	0xCB07C4	outlineunlockicon.tga
ASSIGN	0xCB07C4	outlineiconmesh.tga
ASSIGN	0xCB07C4	outlineiconsubmesh.tga
ASSIGN	0xCB07C4	outlineicongroup.tga
ASSIGN	0xCB07C4	outlineicondocument.tga
ASSIGN	0xCB07C4	outlineiconsky.tga
ASSIGN	0xCB07C4	outlineiconlight.tga
ASSIGN	0xCB07C4	outlineiconcamera.tga
ASSIGN	0xCB07C4	outlineiconexternal.tga
ASSIGN	0xCB07C4	outlineiconfog.tga
ASSIGN	0xCB07C4	outlineiconbaker.tga
ASSIGN	0xCB07C4	outlineiconbakersrc.tga
ASSIGN	0xCB07C4	outlineiconbakerdst.tga
ASSIGN	0xCB07C4	outlineiconbakerdstcage.tga
ASSIGN	0xCB07C4	outlineiconrender.tga
ASSIGN	0xCB07C4	outlineiconbackdrop.tga
ASSIGN	0xCB07C4	outlineiconshadowcatcher.tga
ASSIGN	0xCB07C4	outlineiconturntable.tga
ASSIGN	0xCB07C4	outlineiconpaintproject.tga
ASSIGN	0xCB07C4	outlineiconhair.tga
ASSIGN	0xCB07C4	timestretchlefthandle.tga
ASSIGN	0xCB07C4	timestretchrighthandle.tga
ASSIGN	0xCB07C4	timestretchlefthandleclicked.tga
ASSIGN	0xCB07C4	timestretchrighthandleclicked.tga
ASSIGN	0xCB07C4	timestretchbackground.tga
ASSIGN	0xCB07C4	animationtimelineviewframe.tga
ASSIGN	0xCB07C4	animationtimelineviewframeborder.tga
ASSIGN	0xCB07C4	animationtimelineviewsecondsmarker.tga
ASSIGN	0xCB07C4	animationtimelineviewframesmarker.tga
ASSIGN	0xCB07C4	animationtimelineviewkeyedframesmarker.tga
ASSIGN	0xCB07C4	animationtimelineviewselectedkeyedframesmarker.tga
ASSIGN	0xCB07C4	animationtimelineviewframemarker.tga
ASSIGN	0xCB07C4	animationtimelineviewframeinterval.tga
ASSIGN	0xCB07C4	animationtimelineselectorframe.tga
ASSIGN	0xCB07C4	animationtimelineselectorrange.tga
ASSIGN	0xCB07C4	animationtimelineselectorlefthandle.tga
ASSIGN	0xCB07C4	animationtimelineselectorrighthandle.tga
ASSIGN	0xCB07C4	animationtimelineselectorlefthandleclicked.tga
ASSIGN	0xCB07C4	animationtimelineselectorrighthandleclicked.tga
ASSIGN	0xCB07C4	animationtimelineselectorsecondsmarker.tga
ASSIGN	0xCB07C4	animationplay.tga
ASSIGN	0xCB07C4	animationpause.tga
ASSIGN	0xCB07C4	timelineeditortrim.tga
ASSIGN	0xCB07C4	timelineeditorhomeframe.tga
ASSIGN	0xCB07C4	animationfirstframe.tga
ASSIGN	0xCB07C4	animationlastframe.tga
ASSIGN	0xCB07C4	animationpreviousframe.tga
ASSIGN	0xCB07C4	animationnextframe.tga
ASSIGN	0xCB07C4	animationpreviouskeyedframe.tga
ASSIGN	0xCB07C4	animationnextkeyedframe.tga
ASSIGN	0xCB07C4	animationautokey.tga
ASSIGN	0xCB07C4	animationzoomlink.tga
ASSIGN	0xCB07C4	animationloop.tga
ASSIGN	0xCB07C4	keyframescalerverticalhandle.tga
ASSIGN	0xCB07C4	keyframescalerhorizontalhandle.tga
ASSIGN	0xCB07C4	keyframescalercornerhandle.tga
ASSIGN	0xCB07C4	keyframescalerverticalhandleclicked.tga
ASSIGN	0xCB07C4	keyframescalerhorizontalhandleclicked.tga
ASSIGN	0xCB07C4	keyframescalercornerhandleclicked.tga
ASSIGN	0xCB07C4	keyframescalerbackground.tga
ASSIGN	0xCB07C4	keyframescalerborder.tga
ASSIGN	0xCB07C4	curveeditorframe.tga
ASSIGN	0xCB07C4	curveeditorframeborder.tga
ASSIGN	0xCB07C4	curveeditorsecondsmarker.tga
ASSIGN	0xCB07C4	curveeditorframesmarker.tga
ASSIGN	0xCB07C4	curveeditorplaybackline.tga
ASSIGN	0xCB07C4	curveeditortimestretchbackground.tga
ASSIGN	0xCB07C4	curveeditoremptybackground.tga
ASSIGN	0xCB07C4	curveeditoroutofboundsoverlay.tga
ASSIGN	0xCB07C4	curveeditortimescalelinebackgroundmask.tga
ASSIGN	0xCB07C4	animationoutlineiconproperty.tga
ASSIGN	0xCB07C4	animationoutlineiconmaterial.tga
ASSIGN	0xCB07C4	animationoutlineicongroup.tga
ASSIGN	0xCB07C4	curveeditorshowstacked.tga
ASSIGN	0xCB07C4	curveeditorshowoverlapped.tga
ASSIGN	0xCB07C4	animationblendstep.tga
ASSIGN	0xCB07C4	animationblendlinear.tga
ASSIGN	0xCB07C4	animationblendspline.tga
ASSIGN	0xCB07C4	animationblendsplinebreak.tga
ASSIGN	0xCB07C4	animationinsertkeyframes.tga
ASSIGN	0xCB07C4	animationdeletekeyframes.tga
ASSIGN	0xCB07C4	animationdeleteallkeyframes.tga
ASSIGN	0xCB07C4	curveeditorshowvalues.tga
ASSIGN	0xCB07C4	curveeditorautofit.tga
ASSIGN	0xCB07C4	curveeditorresetview.tga
ASSIGN	0xCB07C4	colorpickercursor.tga
ASSIGN	0xCB07C4	colorpickerhue.tga
ASSIGN	0xCB07C4	colorpickerslidercursor.tga
ASSIGN	0xCB07C4	togglescreensampler.tga
ASSIGN	0x52F256	GAMMA_ADJUSTMENT
ASSIGN	0xCB07C4	splineframe.tga
ASSIGN	0xBB5BA3	Frame: 
ASSIGN	0xBB5C30	VP Quality: 
ASSIGN	0xBB5DB9	Draw: 
ASSIGN	0xBB5E52	GPU: 
ASSIGN	0xCB07C4	historyinactivebutton.tga
ASSIGN	0xCB07C4	splinevertex.tga
ASSIGN	0xCB07C4	splineline.tga
ASSIGN	0xCB07C4	listboxmenu.tga
ASSIGN	0xCB07C4	exportusd.tga
ASSIGN	0xCB07C4	exportgltf.tga
ASSIGN	0xCB07C4	exportviewer.tga
ASSIGN	0xCB07C4	exportfbx.tga
ASSIGN	0xCB07C4	exportobj.tga
ASSIGN	0xCB07C4	exportdae.tga
ASSIGN	0xCB07C4	exportbundle.tga
ASSIGN	0xCB07C4	confirm.tga
ASSIGN	0xCB07C4	cancel.tga
ASSIGN	0xCB07C4	ignore.tga
ASSIGN	0xCB07C4	reset.tga
ASSIGN	0xCB07C4	inputrecorderframe.tga
ASSIGN	0xCB07C4	inputrecorderhover.tga
ASSIGN	0xCB07C4	inputrecorderrecord.tga
ASSIGN	0xCB07C4	brusheditortablet.tga
ASSIGN	0xCB07C4	brusheditordynamicsoff.tga
ASSIGN	0xCB07C4	brusheditortilt.tga
ASSIGN	0xCB07C4	brusheditorfade.tga
ASSIGN	0xCB07C4	windowframefull.tga
ASSIGN	0xCB07C4	invert_on.tga
ASSIGN	0xCB07C4	linkuvscale_on.tga
ASSIGN	0xC896D	Select From: 
ASSIGN	0x18A5FB	Smudge Over: 
ASSIGN	0xCB07C4	locatorheader.tga
ASSIGN	0xCB07C4	locatordivider.tga
ASSIGN	0xCB07C4	locatoraction.tga
ASSIGN	0xCB07C4	locatorfolder.tga
ASSIGN	0xCB07C4	locatordownload.tga
ASSIGN	0xCB07C4	splinetangent.tga
ASSIGN	0xCB07C4	splinetangent_hover.tga
ASSIGN	0xCB07C4	splinetangent_selected.tga
ASSIGN	0xCB07C4	splinevertex_hover.tga
ASSIGN	0xCB07C4	splinevertex_selected.tga
ASSIGN	0xCB07C4	beziersharpen.tga
ASSIGN	0xCB07C4	beziersmooth.tga
ASSIGN	0xCB07C4	beziermirrorangle_on.tga
ASSIGN	0xCB07C4	beziermirrorpos_on.tga
ASSIGN	0xCB07C4	bezierlimits_on.tga
ASSIGN	0xCB07C4	beziersnap_on.tga
ASSIGN	0xCB07C4	workspacebarbg.tga
ASSIGN	0xCB07C4	workspacetabselectorbutton.tga
ASSIGN	0xCB07C4	workspacetabselectorbuttonpressed.tga
ASSIGN	0xCB07C4	workspacetabselectorbuttonhover.tga
ASSIGN	0xCB07C4	tabselectorbutton.tga
ASSIGN	0xCB07C4	tabselectorbuttonpressed.tga
ASSIGN	0xCB07C4	tabselectorbuttonhover.tga
ASSIGN	0xCB07C4	scrolltableft.tga
ASSIGN	0xCB07C4	scrolltabright.tga
ASSIGN	0xCB07C4	console.tga
ASSIGN	0xCB07C4	progressbar.tga
ASSIGN	0xCB07C4	progressbarpaused.tga
ASSIGN	0xCB07C4	progressbarframe.tga
ASSIGN	0xCB07C4	toolbarbg.tga
ASSIGN	0x7286B1	SPARSE_BUFFER_SIZE
ASSIGN	0xCB07C4	toolbarraster.tga
ASSIGN	0xCB07C4	toolbarhybrid.tga
ASSIGN	0xCB07C4	toolbarrt.tga
ASSIGN	0xCB07C4	toolbartransform.tga
ASSIGN	0xCB07C4	toolbarselect.tga
ASSIGN	0xCB07C4	toolbartranslate.tga
ASSIGN	0xCB07C4	toolbarrotate.tga
ASSIGN	0xCB07C4	toolbarscale.tga
ASSIGN	0xCB07C4	toolbarselectmarquee.tga
ASSIGN	0xCB07C4	toolbarselectcircle.tga
ASSIGN	0xCB07C4	toolbarselectpoly.tga
ASSIGN	0xCB07C4	toolbarselectlasso.tga
ASSIGN	0xCB07C4	toolbarseparator.tga
ASSIGN	0x3EBBC8	MATERIAL_BINDING_UNIFORM
ASSIGN	0xCB07C4	windowcolumnbg.tga
ASSIGN	0xCB07C4	rowdivider.tga
ASSIGN	0xCB07C4	columnexpandright.tga
ASSIGN	0xCB07C4	columnexpandleft.tga
ASSIGN	0xCB07C4	windowrowbg.tga
ASSIGN	0xCB07C4	grabhandle.tga
ASSIGN	0xCB07C4	windowstackundock.tga
ASSIGN	0xCB07C4	viewportseparator.tga
ASSIGN	0xCB07C4	viewportcamera.tga
ASSIGN	0xCB07C4	viewportlistboxbackground.tga
ASSIGN	0xCB07C4	viewportlistboxhover.tga
ASSIGN	0xCB07C4	viewportoptions.tga
ASSIGN	0xCB07C4	viewportsplit.tga
ASSIGN	0xCB07C4	viewportsplitvert.tga
ASSIGN	0xCB07C4	viewportsplithorz.tga
ASSIGN	0xCB07C4	deletecustomanimation.tga
ASSIGN	0xCB07C4	viewportmaximize.tga
ASSIGN	0xCB07C4	viewportundock.tga
ASSIGN	0xCB07C4	viewportactive.tga
ASSIGN	0xCB07C4	viewportprogressframe.tga
ASSIGN	0xCB07C4	viewportprogressdone.tga
ASSIGN	0xCB07C4	viewportprogressflash.tga
ASSIGN	0xCB07C4	viewportprogressbar.tga
ASSIGN	0x52275A	SINGLE_PASS
ASSIGN	0xCB07C4	canvassplinemode.tga
ASSIGN	0xCB07C4	viewportseparatorsnap.tga
ASSIGN	0xCB07C4	browserfilter0.tga
ASSIGN	0xCB07C4	browserfilter1.tga
ASSIGN	0xCB07C4	browserfilter2.tga
ASSIGN	0xCB07C4	browserfilter3.tga
ASSIGN	0xCB07C4	browserfilter4.tga
ASSIGN	0xCB07C4	browserfilter5.tga
ASSIGN	0xCB07C4	browserfilter6.tga
ASSIGN	0xCB07C4	browserfilter7.tga
ASSIGN	0xCB07C4	browserroot.tga
ASSIGN	0xCB07C4	browserback.tga
ASSIGN	0xCB07C4	browserforward.tga
ASSIGN	0xCB07C4	browserup.tga
ASSIGN	0xCB07C4	browserfoldernew.tga
ASSIGN	0xCB07C4	browserfolderdelete.tga
ASSIGN	0xCB07C4	browserdownload.tga
ASSIGN	0xCB07C4	browseropen.tga
ASSIGN	0xCB07C4	browserdelete.tga
ASSIGN	0xCB07C4	outlineicongroupsecondary.tga
ASSIGN	0xCB07C4	browserfilterfirst.tga
ASSIGN	0xCB07C4	browserfilterthird.tga
ASSIGN	0xCB07C4	browserfilterlocal.tga
ASSIGN	0xCB07C4	browserfilterdownload.tga
ASSIGN	0xCB07C4	browserfilterupdate.tga
ASSIGN	0xCB07C4	browserfilterscene.tga
ASSIGN	0xCB07C4	browserfilterseparator.tga
ASSIGN	0xCB07C4	browserfilterhover.tga
ASSIGN	0xCB07C4	browserhighlight.tga
ASSIGN	0xCB07C4	browserhighlightempty.tga
ASSIGN	0xCB07C4	browsercloud.tga
ASSIGN	0xCB07C4	browsercloudforbidden.tga
ASSIGN	0xCB07C4	browserupdate.tga
ASSIGN	0xCB07C4	browserforbiddensmall.tga
ASSIGN	0xCB07C4	libraryhighlightemptysmall.tga
ASSIGN	0xCB07C4	browserprogressbg.tga
ASSIGN	0xCB07C4	browserprogressbar.tga
ASSIGN	0xCB07C4	browserfolder.tga
ASSIGN	0xCB07C4	dockseparatorhandle.tga
ASSIGN	0xCB07C4	framebar.tga
ASSIGN	0xCB07C4	framebarcontrol.tga
ASSIGN	0xCB07C4	framebarclose.tga
